-- Safe Committee Data Migration for AWS Lightsail
-- This script will clear and repopulate committee-related data

-- Begin transaction for safety
BEGIN;

-- Disable foreign key checks temporarily (if supported)
SET session_replication_role = replica;

-- Clear existing committee data in proper order to avoid constraint violations
DELETE FROM committee_members;
DELETE FROM committee_roles;
DELETE FROM committees;

-- Clear related user data that might have constraints
DELETE FROM users WHERE id NOT IN ('550e8400-e29b-41d4-a716-446655440000', '550e8400-e29b-41d4-a716-446655440001');

-- Re-enable foreign key checks
SET session_replication_role = DEFAULT;

-- Insert committees first (no dependencies)
INSERT INTO committees (id, name, description, hierarchy_level, is_active, created_at, updated_at) VALUES
('8f28c85b-1315-4583-923a-a827f9507a00', 'Zenith Main Committee', 'The main student committee for Zenith organization', 1, true, '2025-08-13 23:52:53.549+05:30', '2025-08-13 23:52:53.549+05:30'),
('9e2a45e8-88e0-4998-bbc1-1ab68cf9f989', 'Student Executive Committee', 'The main student executive committee responsible for overall governance and leadership', 1, true, '2025-08-20 11:30:17.917+05:30', '2025-08-20 11:30:17.917+05:30');

-- Insert committee roles (depends on committees)
INSERT INTO committee_roles (id, committee_id, name, description, hierarchy, permissions, created_at, updated_at, can_create_projects, can_manage_events, can_approve_content, can_manage_members, role_color, role_icon, is_privileged) VALUES
('f90bd115-48a4-4c90-9ef3-74b5778eb82b', '8f28c85b-1315-4583-923a-a827f9507a00', 'President', 'Overall leadership and strategic direction', 1, '{MANAGE_ALL,APPROVE_EVENTS,MANAGE_MEMBERS,APPROVE_BUDGETS,SYSTEM_ADMIN}', '2025-08-13 23:54:14.189+05:30', '2025-08-26 01:07:12.987912+05:30', false, false, false, false, '#3b82f6', 'user', true),
('f0e6549c-bb74-4a24-955d-c9666db048e1', '8f28c85b-1315-4583-923a-a827f9507a00', 'Vice President', 'Support president and lead special initiatives', 2, '{MANAGE_EVENTS,MANAGE_MEMBERS,APPROVE_CONTENT,COORDINATE_ACTIVITIES}', '2025-08-13 23:54:14.264+05:30', '2025-08-26 01:07:12.987912+05:30', false, false, false, false, '#3b82f6', 'user', true),
('8aee812a-b63e-403c-a7fc-d77e050a9138', '8f28c85b-1315-4583-923a-a827f9507a00', 'Innovation Head', 'Lead technical initiatives and innovation projects', 3, '{MANAGE_TECH_EVENTS,APPROVE_PROJECTS,COORDINATE_WORKSHOPS,MANAGE_RESOURCES}', '2025-08-13 23:54:14.309+05:30', '2025-08-26 01:07:12.987912+05:30', false, false, false, false, '#3b82f6', 'user', true),
('32708d72-6fea-4c91-93d8-49072a1f481a', '8f28c85b-1315-4583-923a-a827f9507a00', 'Treasurer', 'Manage finances and budget planning', 4, '{MANAGE_FINANCES,TRACK_BUDGETS,APPROVE_EXPENSES,MAINTAIN_ACCOUNTS}', '2025-08-13 23:54:14.509+05:30', '2025-08-26 01:07:12.987912+05:30', false, false, false, false, '#3b82f6', 'user', true),
('a3c8888c-77ae-4b5f-9cd2-cdff1afbe4e3', '8f28c85b-1315-4583-923a-a827f9507a00', 'Secretary', 'Maintain records and manage communications', 5, '{MANAGE_COMMUNICATIONS,MAINTAIN_RECORDS,SCHEDULE_MEETINGS,COORDINATE_LOGISTICS}', '2025-08-13 23:54:14.369+05:30', '2025-08-26 01:07:12.987912+05:30', false, false, false, false, '#3b82f6', 'user', true),
('b52c4c16-3d76-4a3b-ae5d-407d26cac92f', '8f28c85b-1315-4583-923a-a827f9507a00', 'Media Head', 'Lead social media and content creation initiatives', 6, '{MANAGE_SOCIAL_MEDIA,CREATE_CONTENT,MANAGE_PUBLICITY,COORDINATE_MEDIA}', '2025-08-13 23:54:14.469+05:30', '2025-08-26 01:07:12.987912+05:30', false, false, false, false, '#3b82f6', 'user', true),
('873c1f32-b4c4-44bd-9b0c-bf36b6da7e5c', '8f28c85b-1315-4583-923a-a827f9507a00', 'Joint Secretary', 'Assistant secretary for documentation and communications', 8, '{ASSIST_COMMUNICATIONS,MAINTAIN_RECORDS,COORDINATE_MEETINGS}', '2025-08-26 00:05:51.041175+05:30', '2025-08-26 01:07:12.987912+05:30', false, false, false, false, '#10b981', 'file-text', true),
('3ee58ca5-3647-48cf-b377-be6edd5755f9', '8f28c85b-1315-4583-923a-a827f9507a00', 'Joint Treasurer', 'Assistant treasurer for financial management', 9, '{ASSIST_FINANCES,TRACK_EXPENSES,MAINTAIN_RECORDS}', '2025-08-26 00:05:51.041175+05:30', '2025-08-26 01:07:12.987912+05:30', false, false, false, false, '#f59e0b', 'dollar-sign', true),
('0d4b2b0e-c286-4c07-9648-c519775a3257', '8f28c85b-1315-4583-923a-a827f9507a00', 'Outreach Head', 'Lead external relations and partnerships', 10, '{MANAGE_PARTNERSHIPS,COORDINATE_OUTREACH,MANAGE_PUBLICITY,ORGANIZE_COLLABORATIONS}', '2025-08-26 00:05:51.041175+05:30', '2025-08-26 01:07:12.987912+05:30', false, false, false, false, '#8b5cf6', 'external-link', true),
-- Legacy committee roles
('bd8838dc-d4db-4bf9-a483-fc970b01d35a', '9e2a45e8-88e0-4998-bbc1-1ab68cf9f989', 'Committee Chair', 'Lead the student executive committee', 1, '{MANAGE_ALL}', '2025-08-20 11:30:17.917+05:30', '2025-08-20 11:30:17.917+05:30', false, false, false, false, '#3b82f6', 'user', true),
('61066b5a-6b0c-411a-83fd-ea3fa81893b5', '9e2a45e8-88e0-4998-bbc1-1ab68cf9f989', 'Vice Chair', 'Support committee leadership', 2, '{MANAGE_EVENTS}', '2025-08-20 11:30:17.917+05:30', '2025-08-20 11:30:17.917+05:30', false, false, false, false, '#3b82f6', 'user', true),
('60880bea-c878-4fe6-9388-8b4384ad2a59', '9e2a45e8-88e0-4998-bbc1-1ab68cf9f989', 'Secretary', 'Maintain committee records', 3, '{MAINTAIN_RECORDS}', '2025-08-20 11:30:17.917+05:30', '2025-08-20 11:30:17.917+05:30', false, false, false, false, '#3b82f6', 'user', true),
('885e95e5-f639-43d9-b5a0-c1fa555e0b24', '9e2a45e8-88e0-4998-bbc1-1ab68cf9f989', 'Treasurer', 'Manage committee finances', 4, '{MANAGE_FINANCES}', '2025-08-20 11:30:17.917+05:30', '2025-08-20 11:30:17.917+05:30', false, false, false, false, '#3b82f6', 'user', true),
('e74c3e2f-3bdf-40e5-9bc2-a2ca07d81b1e', '9e2a45e8-88e0-4998-bbc1-1ab68cf9f989', 'Event Coordinator', 'Coordinate committee events', 5, '{MANAGE_EVENTS}', '2025-08-20 11:30:17.917+05:30', '2025-08-20 11:30:17.917+05:30', false, false, false, false, '#3b82f6', 'user', true),
('728861c2-df1f-47b2-81b4-d892b4ee819e', '9e2a45e8-88e0-4998-bbc1-1ab68cf9f989', 'Media Representative', 'Handle committee communications', 6, '{MANAGE_COMMUNICATIONS}', '2025-08-20 11:30:17.917+05:30', '2025-08-20 11:30:17.917+05:30', false, false, false, false, '#3b82f6', 'user', true);

-- Insert users (committee members need to exist)
INSERT INTO users (id, email, password_hash, name, username, avatar, role, club_id, bio, social_links, preferences, created_at, updated_at, profile_image_url, profile_images, verification_photo_url, phone_number, date_of_birth, address, emergency_contact, phone, location, website, github, linkedin, twitter, email_verified, email_verification_token, email_verification_token_expires_at, password_reset_token, password_reset_token_expires_at, oauth_provider, oauth_id, oauth_data, has_password, totp_secret, totp_temp_secret, totp_temp_secret_created_at, totp_enabled, totp_enabled_at, totp_recovery_codes, notification_preferences, email_otp_enabled, email_otp_verified, email_otp_secret, email_otp_backup_codes, email_otp_last_used, email_otp_created_at, email_otp, email_otp_expires_at, last_activity) VALUES 
('571ebb33-aeb5-4861-87a0-0c442bae3a6b', 'rahul.sharma2025@example.com', '$2b$12$xpFzjPzZbGRcDjDVafxQcOFDwXMsAptqx/Rl0CnEBTMo7p0Jq8otu', 'Rahul Sharma', NULL, NULL, 'student', NULL, NULL, '{}', '{}', '2025-08-26 00:06:34.686581+05:30', '2025-08-26 00:06:34.686581+05:30', 'https://api.dicebear.com/7.x/avataaars/svg?seed=rahul', '[]', NULL, NULL, NULL, NULL, '{}', NULL, NULL, NULL, NULL, NULL, NULL, false, NULL, NULL, NULL, NULL, NULL, NULL, NULL, true, NULL, NULL, NULL, false, NULL, NULL, '{"email": {"events": true, "results": true, "assignments": true, "discussions": true}}', false, false, NULL, '[]', NULL, NULL, NULL, NULL, '2025-08-26 00:06:34.686581+05:30'),
('e624fa3f-bb9f-4da6-b569-c6a22904b389', 'priya.patel2025@example.com', '$2b$12$xpFzjPzZbGRcDjDVafxQcOFDwXMsAptqx/Rl0CnEBTMo7p0Jq8otu', 'Priya Patel', NULL, NULL, 'student', NULL, NULL, '{}', '{}', '2025-08-26 00:06:34.686581+05:30', '2025-08-26 00:06:34.686581+05:30', 'https://api.dicebear.com/7.x/avataaars/svg?seed=priya', '[]', NULL, NULL, NULL, NULL, '{}', NULL, NULL, NULL, NULL, NULL, NULL, false, NULL, NULL, NULL, NULL, NULL, NULL, NULL, true, NULL, NULL, NULL, false, NULL, NULL, '{"email": {"events": true, "results": true, "assignments": true, "discussions": true}}', false, false, NULL, '[]', NULL, NULL, NULL, NULL, '2025-08-26 00:06:34.686581+05:30'),
('70672185-25b9-41b5-bae0-e74ea1a26db9', 'vikram.singh2025@example.com', '$2b$12$xpFzjPzZbGRcDjDVafxQcOFDwXMsAptqx/Rl0CnEBTMo7p0Jq8otu', 'Vikram Singh', NULL, NULL, 'student', NULL, NULL, '{}', '{}', '2025-08-26 00:06:34.686581+05:30', '2025-08-26 00:06:34.686581+05:30', 'https://api.dicebear.com/7.x/avataaars/svg?seed=vikram', '[]', NULL, NULL, NULL, NULL, '{}', NULL, NULL, NULL, NULL, NULL, NULL, false, NULL, NULL, NULL, NULL, NULL, NULL, NULL, true, NULL, NULL, NULL, false, NULL, NULL, '{"email": {"events": true, "results": true, "assignments": true, "discussions": true}}', false, false, NULL, '[]', NULL, NULL, NULL, NULL, '2025-08-26 00:06:34.686581+05:30'),
('bca6518e-d6ec-4489-9422-1898f5086ba4', 'anita.gupta2025@example.com', '$2b$12$xpFzjPzZbGRcDjDVafxQcOFDwXMsAptqx/Rl0CnEBTMo7p0Jq8otu', 'Anita Gupta', NULL, NULL, 'student', NULL, NULL, '{}', '{}', '2025-08-26 00:06:34.686581+05:30', '2025-08-26 00:06:34.686581+05:30', 'https://api.dicebear.com/7.x/avataaars/svg?seed=anita', '[]', NULL, NULL, NULL, NULL, '{}', NULL, NULL, NULL, NULL, NULL, NULL, false, NULL, NULL, NULL, NULL, NULL, NULL, NULL, true, NULL, NULL, NULL, false, NULL, NULL, '{"email": {"events": true, "results": true, "assignments": true, "discussions": true}}', false, false, NULL, '[]', NULL, NULL, NULL, NULL, '2025-08-26 00:06:34.686581+05:30'),
('b9f1d273-57c1-4ba4-9411-5495254ff797', 'karan.mehta2025@example.com', '$2b$12$xpFzjPzZbGRcDjDVafxQcOFDwXMsAptqx/Rl0CnEBTMo7p0Jq8otu', 'Karan Mehta', NULL, NULL, 'student', NULL, NULL, '{}', '{}', '2025-08-26 00:06:34.686581+05:30', '2025-08-26 00:06:34.686581+05:30', 'https://api.dicebear.com/7.x/avataaars/svg?seed=karan', '[]', NULL, NULL, NULL, NULL, '{}', NULL, NULL, NULL, NULL, NULL, NULL, false, NULL, NULL, NULL, NULL, NULL, NULL, NULL, true, NULL, NULL, NULL, false, NULL, NULL, '{"email": {"events": true, "results": true, "assignments": true, "discussions": true}}', false, false, NULL, '[]', NULL, NULL, NULL, NULL, '2025-08-26 00:06:34.686581+05:30'),
('6e11229a-a444-4e8b-8b56-e8b6536302d5', 'sneha.agarwal2025@example.com', '$2b$12$xpFzjPzZbGRcDjDVafxQcOFDwXMsAptqx/Rl0CnEBTMo7p0Jq8otu', 'Sneha Agarwal', NULL, NULL, 'student', NULL, NULL, '{}', '{}', '2025-08-26 00:06:34.686581+05:30', '2025-08-26 00:06:34.686581+05:30', 'https://api.dicebear.com/7.x/avataaars/svg?seed=sneha', '[]', NULL, NULL, NULL, NULL, '{}', NULL, NULL, NULL, NULL, NULL, NULL, false, NULL, NULL, NULL, NULL, NULL, NULL, NULL, true, NULL, NULL, NULL, false, NULL, NULL, '{"email": {"events": true, "results": true, "assignments": true, "discussions": true}}', false, false, NULL, '[]', NULL, NULL, NULL, NULL, '2025-08-26 00:06:34.686581+05:30'),
('19124f5e-a896-4728-bb75-701f616c7716', 'rohan.kumar2025@example.com', '$2b$12$xpFzjPzZbGRcDjDVafxQcOFDwXMsAptqx/Rl0CnEBTMo7p0Jq8otu', 'Rohan Kumar', NULL, NULL, 'student', NULL, NULL, '{}', '{}', '2025-08-26 00:06:34.686581+05:30', '2025-08-26 00:06:34.686581+05:30', 'https://api.dicebear.com/7.x/avataaars/svg?seed=rohan', '[]', NULL, NULL, NULL, NULL, '{}', NULL, NULL, NULL, NULL, NULL, NULL, false, NULL, NULL, NULL, NULL, NULL, NULL, NULL, true, NULL, NULL, NULL, false, NULL, NULL, '{"email": {"events": true, "results": true, "assignments": true, "discussions": true}}', false, false, NULL, '[]', NULL, NULL, NULL, NULL, '2025-08-26 00:06:34.686581+05:30'),
('63fd6cb0-d546-448b-9fdc-5cb407f61d6a', 'kavya.reddy2025@example.com', '$2b$12$xpFzjPzZbGRcDjDVafxQcOFDwXMsAptqx/Rl0CnEBTMo7p0Jq8otu', 'Kavya Reddy', NULL, NULL, 'student', NULL, NULL, '{}', '{}', '2025-08-26 00:06:34.686581+05:30', '2025-08-26 00:06:34.686581+05:30', 'https://api.dicebear.com/7.x/avataaars/svg?seed=kavya', '[]', NULL, NULL, NULL, NULL, '{}', NULL, NULL, NULL, NULL, NULL, NULL, false, NULL, NULL, NULL, NULL, NULL, NULL, NULL, true, NULL, NULL, NULL, false, NULL, NULL, '{"email": {"events": true, "results": true, "assignments": true, "discussions": true}}', false, false, NULL, '[]', NULL, NULL, NULL, NULL, '2025-08-26 00:06:34.686581+05:30'),
('ec962745-fe2f-4079-b859-7d86bf711c20', 'arjun.nair2025@example.com', '$2b$12$xpFzjPzZbGRcDjDVafxQcOFDwXMsAptqx/Rl0CnEBTMo7p0Jq8otu', 'Arjun Nair', NULL, NULL, 'student', NULL, NULL, '{}', '{}', '2025-08-26 00:06:34.686581+05:30', '2025-08-26 00:06:34.686581+05:30', 'https://api.dicebear.com/7.x/avataaars/svg?seed=arjun', '[]', NULL, NULL, NULL, NULL, '{}', NULL, NULL, NULL, NULL, NULL, NULL, false, NULL, NULL, NULL, NULL, NULL, NULL, NULL, true, NULL, NULL, NULL, false, NULL, NULL, '{"email": {"events": true, "results": true, "assignments": true, "discussions": true}}', false, false, NULL, '[]', NULL, NULL, NULL, NULL, '2025-08-26 00:06:34.686581+05:30'),
('1351d77c-38fe-4dd3-84bd-7d9aff156a82', 'yagneshwar.chaudhari@zenith.edu', '$2b$12$xpFzjPzZbGRcDjDVafxQcOFDwXMsAptqx/Rl0CnEBTMo7p0Jq8otu', 'Yogeshvar Chaudhari', NULL, 'https://qpulpytptbwwumicyzwr.supabase.co/storage/v1/object/public/avatars/profile_7c36ecbe-44d3-40df-8b8b-886e5385e839_1755673151393_Screenshot%202025-08-20%20120444.png', 'student', NULL, NULL, '{}', '{}', '2025-08-26 00:28:40.87628+05:30', '2025-08-26 00:53:55.138726+05:30', NULL, '[]', NULL, NULL, NULL, NULL, '{}', NULL, NULL, NULL, NULL, NULL, NULL, false, NULL, NULL, NULL, NULL, NULL, NULL, NULL, true, NULL, NULL, NULL, false, NULL, NULL, '{"email": {"events": true, "results": true, "assignments": true, "discussions": true}}', false, false, NULL, '[]', NULL, NULL, NULL, NULL, '2025-08-26 00:28:40.87628+05:30'),
('17254128-6271-484c-bec9-756ff7f7a043', 'mansavi.giradkar@zenith.edu', '$2b$12$xpFzjPzZbGRcDjDVafxQcOFDwXMsAptqx/Rl0CnEBTMo7p0Jq8otu', 'Mansavi Giradkar', NULL, 'https://qpulpytptbwwumicyzwr.supabase.co/storage/v1/object/public/avatars/profile_53cbed56-2bc7-4faf-bd6e-5f953de4dfa5_1755673094883_Screenshot%202025-08-20%20120312.png', 'student', NULL, NULL, '{}', '{}', '2025-08-26 00:28:40.87628+05:30', '2025-08-26 00:54:05.491662+05:30', NULL, '[]', NULL, NULL, NULL, NULL, '{}', NULL, NULL, NULL, NULL, NULL, NULL, false, NULL, NULL, NULL, NULL, NULL, NULL, NULL, true, NULL, NULL, NULL, false, NULL, NULL, '{"email": {"events": true, "results": true, "assignments": true, "discussions": true}}', false, false, NULL, '[]', NULL, NULL, NULL, NULL, '2025-08-26 00:28:40.87628+05:30'),
('924ede2a-5fd4-4e9d-9a28-95438e5b4898', 'kaivalya.pund@zenith.edu', '$2b$12$xpFzjPzZbGRcDjDVafxQcOFDwXMsAptqx/Rl0CnEBTMo7p0Jq8otu', 'Kaiwalya Pund', NULL, 'https://qpulpytptbwwumicyzwr.supabase.co/storage/v1/object/public/avatars/profile_9755eab9-39cb-443b-9cca-853d727afe40_1755672871466_Screenshot%202025-08-20%20120548.png', 'student', NULL, NULL, '{}', '{}', '2025-08-26 00:28:40.87628+05:30', '2025-08-26 00:54:15.022906+05:30', NULL, '[]', NULL, NULL, NULL, NULL, '{}', NULL, NULL, NULL, NULL, NULL, NULL, false, NULL, NULL, NULL, NULL, NULL, NULL, NULL, true, NULL, NULL, NULL, false, NULL, NULL, '{"email": {"events": true, "results": true, "assignments": true, "discussions": true}}', false, false, NULL, '[]', NULL, NULL, NULL, NULL, '2025-08-26 00:28:40.87628+05:30'),
-- Legacy users for old committee structure
('8694ff1f-1d1e-4a7b-8ecb-eebda2c937d3', 'atharva.naitam@zenith.edu', '$2b$12$xpFzjPzZbGRcDjDVafxQcOFDwXMsAptqx/Rl0CnEBTMo7p0Jq8otu', 'Atharva Naitam', NULL, NULL, 'student', NULL, NULL, '{}', '{}', '2025-08-20 11:30:17.917+05:30', '2025-08-20 11:30:17.917+05:30', 'https://api.dicebear.com/7.x/avataaars/svg?seed=atharva', '[]', NULL, NULL, NULL, NULL, '{}', NULL, NULL, NULL, NULL, NULL, NULL, false, NULL, NULL, NULL, NULL, NULL, NULL, NULL, true, NULL, NULL, NULL, false, NULL, NULL, '{"email": {"events": true, "results": true, "assignments": true, "discussions": true}}', false, false, NULL, '[]', NULL, NULL, NULL, NULL, '2025-08-20 11:30:17.917+05:30'),
('241f4f32-458e-410e-b2f2-6dcfda992455', 'ayush.kawde@zenith.edu', '$2b$12$xpFzjPzZbGRcDjDVafxQcOFDwXMsAptqx/Rl0CnEBTMo7p0Jq8otu', 'Ayush Kawde', NULL, NULL, 'student', NULL, NULL, '{}', '{}', '2025-08-20 11:30:17.917+05:30', '2025-08-20 11:30:17.917+05:30', 'https://api.dicebear.com/7.x/avataaars/svg?seed=ayush', '[]', NULL, NULL, NULL, NULL, '{}', NULL, NULL, NULL, NULL, NULL, NULL, false, NULL, NULL, NULL, NULL, NULL, NULL, NULL, true, NULL, NULL, NULL, false, NULL, NULL, '{"email": {"events": true, "results": true, "assignments": true, "discussions": true}}', false, false, NULL, '[]', NULL, NULL, NULL, NULL, '2025-08-20 11:30:17.917+05:30'),
('53cbed56-2bc7-4faf-bd6e-5f953de4dfa5', 'mansavi.giradkar.old@zenith.edu', '$2b$12$xpFzjPzZbGRcDjDVafxQcOFDwXMsAptqx/Rl0CnEBTMo7p0Jq8otu', 'Mansavi Giradkar (Old)', NULL, NULL, 'student', NULL, NULL, '{}', '{}', '2025-08-20 11:30:17.917+05:30', '2025-08-20 11:30:17.917+05:30', 'https://api.dicebear.com/7.x/avataaars/svg?seed=mansavi_old', '[]', NULL, NULL, NULL, NULL, '{}', NULL, NULL, NULL, NULL, NULL, NULL, false, NULL, NULL, NULL, NULL, NULL, NULL, NULL, true, NULL, NULL, NULL, false, NULL, NULL, '{"email": {"events": true, "results": true, "assignments": true, "discussions": true}}', false, false, NULL, '[]', NULL, NULL, NULL, NULL, '2025-08-20 11:30:17.917+05:30'),
('7c36ecbe-44d3-40df-8b8b-886e5385e839', 'yagneshwar.chaudhari.old@zenith.edu', '$2b$12$xpFzjPzZbGRcDjDVafxQcOFDwXMsAptqx/Rl0CnEBTMo7p0Jq8otu', 'Yogeshvar Chaudhari (Old)', NULL, NULL, 'student', NULL, NULL, '{}', '{}', '2025-08-20 11:30:17.917+05:30', '2025-08-20 11:30:17.917+05:30', 'https://api.dicebear.com/7.x/avataaars/svg?seed=yogeshvar_old', '[]', NULL, NULL, NULL, NULL, '{}', NULL, NULL, NULL, NULL, NULL, NULL, false, NULL, NULL, NULL, NULL, NULL, NULL, NULL, true, NULL, NULL, NULL, false, NULL, NULL, '{"email": {"events": true, "results": true, "assignments": true, "discussions": true}}', false, false, NULL, '[]', NULL, NULL, NULL, NULL, '2025-08-20 11:30:17.917+05:30'),
('21a95efa-ccfa-4c4c-af7f-50cfa0a35053', 'kaivalya.pund.old@zenith.edu', '$2b$12$xpFzjPzZbGRcDjDVafxQcOFDwXMsAptqx/Rl0CnEBTMo7p0Jq8otu', 'Kaiwalya Pund (Old)', NULL, NULL, 'student', NULL, NULL, '{}', '{}', '2025-08-20 11:30:17.917+05:30', '2025-08-20 11:30:17.917+05:30', 'https://api.dicebear.com/7.x/avataaars/svg?seed=kaiwalya_old', '[]', NULL, NULL, NULL, NULL, '{}', NULL, NULL, NULL, NULL, NULL, NULL, false, NULL, NULL, NULL, NULL, NULL, NULL, NULL, true, NULL, NULL, NULL, false, NULL, NULL, '{"email": {"events": true, "results": true, "assignments": true, "discussions": true}}', false, false, NULL, '[]', NULL, NULL, NULL, NULL, '2025-08-20 11:30:17.917+05:30'),
('9755eab9-39cb-443b-9cca-853d727afe40', 'media.rep@zenith.edu', '$2b$12$xpFzjPzZbGRcDjDVafxQcOFDwXMsAptqx/Rl0CnEBTMo7p0Jq8otu', 'Media Representative', NULL, NULL, 'student', NULL, NULL, '{}', '{}', '2025-08-20 11:30:17.917+05:30', '2025-08-20 11:30:17.917+05:30', 'https://api.dicebear.com/7.x/avataaars/svg?seed=mediarep', '[]', NULL, NULL, NULL, NULL, '{}', NULL, NULL, NULL, NULL, NULL, NULL, false, NULL, NULL, NULL, NULL, NULL, NULL, NULL, true, NULL, NULL, NULL, false, NULL, NULL, '{"email": {"events": true, "results": true, "assignments": true, "discussions": true}}', false, false, NULL, '[]', NULL, NULL, NULL, NULL, '2025-08-20 11:30:17.917+05:30');

-- Finally, insert committee members (depends on committees, roles, and users)
INSERT INTO committee_members (id, committee_id, role_id, user_id, status, joined_at, term_start, term_end, achievements, created_at, updated_at, academic_year, is_current_term) VALUES
-- Current Zenith Main Committee members
('00b4d23d-dbc8-4f7a-9529-0a7226113ff9', '8f28c85b-1315-4583-923a-a827f9507a00', 'f90bd115-48a4-4c90-9ef3-74b5778eb82b', '571ebb33-aeb5-4861-87a0-0c442bae3a6b', 'active', '2025-08-26 00:07:15.030006+05:30', NULL, NULL, NULL, '2025-08-26 00:07:15.030006+05:30', '2025-08-26 00:07:15.030006+05:30', '2025-2026', false),
('cc9e4479-4041-4854-b1a8-94b2fbade733', '8f28c85b-1315-4583-923a-a827f9507a00', 'f0e6549c-bb74-4a24-955d-c9666db048e1', 'e624fa3f-bb9f-4da6-b569-c6a22904b389', 'active', '2025-08-26 00:07:15.030006+05:30', NULL, NULL, NULL, '2025-08-26 00:07:15.030006+05:30', '2025-08-26 00:07:15.030006+05:30', '2025-2026', false),
('739ae2e5-1ef8-46e9-a0fb-ec42ec0f47b9', '8f28c85b-1315-4583-923a-a827f9507a00', '8aee812a-b63e-403c-a7fc-d77e050a9138', '70672185-25b9-41b5-bae0-e74ea1a26db9', 'active', '2025-08-26 00:07:15.030006+05:30', NULL, NULL, NULL, '2025-08-26 00:07:15.030006+05:30', '2025-08-26 00:07:15.030006+05:30', '2025-2026', false),
('528a0248-052d-450e-92c0-9cc135b1b307', '8f28c85b-1315-4583-923a-a827f9507a00', 'a3c8888c-77ae-4b5f-9cd2-cdff1afbe4e3', 'bca6518e-d6ec-4489-9422-1898f5086ba4', 'active', '2025-08-26 00:07:15.030006+05:30', NULL, NULL, NULL, '2025-08-26 00:07:15.030006+05:30', '2025-08-26 00:07:15.030006+05:30', '2025-2026', false),
('b00b60f9-5b57-494d-98b2-f59c0d748b59', '8f28c85b-1315-4583-923a-a827f9507a00', '873c1f32-b4c4-44bd-9b0c-bf36b6da7e5c', 'b9f1d273-57c1-4ba4-9411-5495254ff797', 'active', '2025-08-26 00:07:15.030006+05:30', NULL, NULL, NULL, '2025-08-26 00:07:15.030006+05:30', '2025-08-26 00:07:15.030006+05:30', '2025-2026', false),
('ce7a1b5a-8ad1-488d-982e-19f1d702064e', '8f28c85b-1315-4583-923a-a827f9507a00', '32708d72-6fea-4c91-93d8-49072a1f481a', '6e11229a-a444-4e8b-8b56-e8b6536302d5', 'active', '2025-08-26 00:07:15.030006+05:30', NULL, NULL, NULL, '2025-08-26 00:07:15.030006+05:30', '2025-08-26 00:07:15.030006+05:30', '2025-2026', false),
('f51f7eeb-3c94-48a7-b685-b7c02cfc05c9', '8f28c85b-1315-4583-923a-a827f9507a00', '3ee58ca5-3647-48cf-b377-be6edd5755f9', '19124f5e-a896-4728-bb75-701f616c7716', 'active', '2025-08-26 00:07:15.030006+05:30', NULL, NULL, NULL, '2025-08-26 00:07:15.030006+05:30', '2025-08-26 00:07:15.030006+05:30', '2025-2026', false),
('7e52fd52-7be7-41db-be8b-d1f4e1c95ae0', '8f28c85b-1315-4583-923a-a827f9507a00', 'b52c4c16-3d76-4a3b-ae5d-407d26cac92f', '63fd6cb0-d546-448b-9fdc-5cb407f61d6a', 'active', '2025-08-26 00:07:15.030006+05:30', NULL, NULL, NULL, '2025-08-26 00:07:15.030006+05:30', '2025-08-26 00:07:15.030006+05:30', '2025-2026', false),
('4e7177c9-c257-4128-b0ad-24f2822f82f9', '8f28c85b-1315-4583-923a-a827f9507a00', '0d4b2b0e-c286-4c07-9648-c519775a3257', 'ec962745-fe2f-4079-b859-7d86bf711c20', 'active', '2025-08-26 00:07:15.030006+05:30', NULL, NULL, NULL, '2025-08-26 00:07:15.030006+05:30', '2025-08-26 00:07:15.030006+05:30', '2025-2026', false),
-- Updated committee members with new IDs for 2024-2025 term
('b6a934ca-acfa-4e32-977f-1ec63a47fab1', '8f28c85b-1315-4583-923a-a827f9507a00', 'f90bd115-48a4-4c90-9ef3-74b5778eb82b', '8694ff1f-1d1e-4a7b-8ecb-eebda2c937d3', 'active', '2025-08-26 00:28:26.122083+05:30', NULL, NULL, NULL, '2025-08-26 00:28:26.122083+05:30', '2025-08-26 00:28:26.122083+05:30', '2024-2025', true),
('a114fff7-5948-4ec8-ab93-5e4e2abe226e', '8f28c85b-1315-4583-923a-a827f9507a00', 'f0e6549c-bb74-4a24-955d-c9666db048e1', '241f4f32-458e-410e-b2f2-6dcfda992455', 'active', '2025-08-26 00:28:26.122083+05:30', NULL, NULL, NULL, '2025-08-26 00:28:26.122083+05:30', '2025-08-26 00:28:26.122083+05:30', '2024-2025', true),
('9ec672a6-3266-4d89-898d-eb081a66f4bd', '8f28c85b-1315-4583-923a-a827f9507a00', '8aee812a-b63e-403c-a7fc-d77e050a9138', '21a95efa-ccfa-4c4c-af7f-50cfa0a35053', 'active', '2025-08-26 00:28:26.122083+05:30', NULL, NULL, NULL, '2025-08-26 00:28:26.122083+05:30', '2025-08-26 00:28:26.122083+05:30', '2024-2025', true),
('089142f0-ba95-4c53-b0dc-09d9861c9578', '8f28c85b-1315-4583-923a-a827f9507a00', 'a3c8888c-77ae-4b5f-9cd2-cdff1afbe4e3', '17254128-6271-484c-bec9-756ff7f7a043', 'active', '2025-08-26 00:29:14.012676+05:30', NULL, NULL, NULL, '2025-08-26 00:29:14.012676+05:30', '2025-08-26 00:29:14.012676+05:30', '2024-2025', true),
('19e6ee8f-e218-4c3b-a496-ee2cb497a3b9', '8f28c85b-1315-4583-923a-a827f9507a00', '32708d72-6fea-4c91-93d8-49072a1f481a', '1351d77c-38fe-4dd3-84bd-7d9aff156a82', 'active', '2025-08-26 00:29:14.012676+05:30', NULL, NULL, NULL, '2025-08-26 00:29:14.012676+05:30', '2025-08-26 00:29:14.012676+05:30', '2024-2025', true),
('09b60f9b-234f-48ce-aa24-ad8fc28e7f54', '8f28c85b-1315-4583-923a-a827f9507a00', 'b52c4c16-3d76-4a3b-ae5d-407d26cac92f', '924ede2a-5fd4-4e9d-9a28-95438e5b4898', 'active', '2025-08-26 00:29:14.012676+05:30', NULL, NULL, NULL, '2025-08-26 00:29:14.012676+05:30', '2025-08-26 00:29:14.012676+05:30', '2024-2025', true),
-- Legacy Student Executive Committee members
('efdde746-50c9-48a0-86a1-3d991d813b6b', '9e2a45e8-88e0-4998-bbc1-1ab68cf9f989', 'bd8838dc-d4db-4bf9-a483-fc970b01d35a', '8694ff1f-1d1e-4a7b-8ecb-eebda2c937d3', 'active', '2025-08-20 11:30:17.917+05:30', '2025-08-20 11:30:17.917+05:30', '2026-08-20 11:30:17.917+05:30', NULL, '2025-08-20 11:30:17.917+05:30', '2025-08-20 11:30:17.917+05:30', '2024-2025', true),
('8663ee16-2776-46f5-91fb-567490ead94f', '9e2a45e8-88e0-4998-bbc1-1ab68cf9f989', '61066b5a-6b0c-411a-83fd-ea3fa81893b5', '241f4f32-458e-410e-b2f2-6dcfda992455', 'active', '2025-08-20 11:30:17.917+05:30', '2025-08-20 11:30:17.917+05:30', '2026-08-20 11:30:17.917+05:30', NULL, '2025-08-20 11:30:17.917+05:30', '2025-08-20 11:30:17.917+05:30', '2024-2025', true),
('d8102f60-2815-4571-8806-e4979624b577', '9e2a45e8-88e0-4998-bbc1-1ab68cf9f989', '60880bea-c878-4fe6-9388-8b4384ad2a59', '53cbed56-2bc7-4faf-bd6e-5f953de4dfa5', 'active', '2025-08-20 11:30:17.917+05:30', '2025-08-20 11:30:17.917+05:30', '2026-08-20 11:30:17.917+05:30', NULL, '2025-08-20 11:30:17.917+05:30', '2025-08-20 11:30:17.917+05:30', '2024-2025', true),
('9b0fe363-33c3-44be-9151-ac6c3813a55e', '9e2a45e8-88e0-4998-bbc1-1ab68cf9f989', '885e95e5-f639-43d9-b5a0-c1fa555e0b24', '7c36ecbe-44d3-40df-8b8b-886e5385e839', 'active', '2025-08-20 11:30:17.917+05:30', '2025-08-20 11:30:17.917+05:30', '2026-08-20 11:30:17.917+05:30', NULL, '2025-08-20 11:30:17.917+05:30', '2025-08-20 11:30:17.917+05:30', '2024-2025', true),
('68ae4f2b-8b6c-40f6-be82-36ae77bf252b', '9e2a45e8-88e0-4998-bbc1-1ab68cf9f989', 'e74c3e2f-3bdf-40e5-9bc2-a2ca07d81b1e', '21a95efa-ccfa-4c4c-af7f-50cfa0a35053', 'active', '2025-08-20 11:30:17.917+05:30', '2025-08-20 11:30:17.917+05:30', '2026-08-20 11:30:17.917+05:30', NULL, '2025-08-20 11:30:17.917+05:30', '2025-08-20 11:30:17.917+05:30', '2024-2025', true),
('43fe11fe-8263-44bb-8190-5ec39dc7ee7b', '9e2a45e8-88e0-4998-bbc1-1ab68cf9f989', '728861c2-df1f-47b2-81b4-d892b4ee819e', '9755eab9-39cb-443b-9cca-853d727afe40', 'active', '2025-08-20 11:30:17.917+05:30', '2025-08-20 11:30:17.917+05:30', '2026-08-20 11:30:17.917+05:30', NULL, '2025-08-20 11:30:17.917+05:30', '2025-08-20 11:30:17.917+05:30', '2024-2025', true);

-- Commit the transaction
COMMIT;

-- Verification queries (commented out - uncomment to run checks)
-- SELECT 'Committees Count: ' || COUNT(*) FROM committees;
-- SELECT 'Committee Roles Count: ' || COUNT(*) FROM committee_roles;
-- SELECT 'Committee Members Count: ' || COUNT(*) FROM committee_members;
-- SELECT 'Users Count: ' || COUNT(*) FROM users WHERE id NOT LIKE '550e8400-e29b-41d4-a716-44665544000%';
