--
-- PostgreSQL database dump
--

-- Dumped from database version 14.18 (Ubuntu 14.18-0ubuntu0.22.04.1)
-- Dumped by pg_dump version 14.18 (Ubuntu 14.18-0ubuntu0.22.04.1)

SET statement_timeout = 0;
SET lock_timeout = 0;
SET idle_in_transaction_session_timeout = 0;
SET client_encoding = 'UTF8';
SET standard_conforming_strings = on;
SELECT pg_catalog.set_config('search_path', '', false);
SET check_function_bodies = false;
SET xmloption = content;
SET client_min_messages = warning;
SET row_security = off;

--
-- Data for Name: committee_members; Type: TABLE DATA; Schema: public; Owner: zenithpostgres
--

COPY public.committee_members (id, committee_id, role_id, user_id, status, joined_at, term_start, term_end, achievements, created_at, updated_at, academic_year, is_current_term) FROM stdin;
efdde746-50c9-48a0-86a1-3d991d813b6b	9e2a45e8-88e0-4998-bbc1-1ab68cf9f989	bd8838dc-d4db-4bf9-a483-fc970b01d35a	8694ff1f-1d1e-4a7b-8ecb-eebda2c937d3	active	2025-08-20 11:30:17.917+05:30	2025-08-20 11:30:17.917+05:30	2026-08-20 11:30:17.917+05:30	\N	2025-08-20 11:30:17.917+05:30	2025-08-20 11:30:17.917+05:30	2024-2025	t
8663ee16-2776-46f5-91fb-567490ead94f	9e2a45e8-88e0-4998-bbc1-1ab68cf9f989	61066b5a-6b0c-411a-83fd-ea3fa81893b5	241f4f32-458e-410e-b2f2-6dcfda992455	active	2025-08-20 11:30:17.917+05:30	2025-08-20 11:30:17.917+05:30	2026-08-20 11:30:17.917+05:30	\N	2025-08-20 11:30:17.917+05:30	2025-08-20 11:30:17.917+05:30	2024-2025	t
d8102f60-2815-4571-8806-e4979624b577	9e2a45e8-88e0-4998-bbc1-1ab68cf9f989	60880bea-c878-4fe6-9388-8b4384ad2a59	53cbed56-2bc7-4faf-bd6e-5f953de4dfa5	active	2025-08-20 11:30:17.917+05:30	2025-08-20 11:30:17.917+05:30	2026-08-20 11:30:17.917+05:30	\N	2025-08-20 11:30:17.917+05:30	2025-08-20 11:30:17.917+05:30	2024-2025	t
9b0fe363-33c3-44be-9151-ac6c3813a55e	9e2a45e8-88e0-4998-bbc1-1ab68cf9f989	885e95e5-f639-43d9-b5a0-c1fa555e0b24	7c36ecbe-44d3-40df-8b8b-886e5385e839	active	2025-08-20 11:30:17.917+05:30	2025-08-20 11:30:17.917+05:30	2026-08-20 11:30:17.917+05:30	\N	2025-08-20 11:30:17.917+05:30	2025-08-20 11:30:17.917+05:30	2024-2025	t
68ae4f2b-8b6c-40f6-be82-36ae77bf252b	9e2a45e8-88e0-4998-bbc1-1ab68cf9f989	e74c3e2f-3bdf-40e5-9bc2-a2ca07d81b1e	21a95efa-ccfa-4c4c-af7f-50cfa0a35053	active	2025-08-20 11:30:17.917+05:30	2025-08-20 11:30:17.917+05:30	2026-08-20 11:30:17.917+05:30	\N	2025-08-20 11:30:17.917+05:30	2025-08-20 11:30:17.917+05:30	2024-2025	t
43fe11fe-8263-44bb-8190-5ec39dc7ee7b	9e2a45e8-88e0-4998-bbc1-1ab68cf9f989	728861c2-df1f-47b2-81b4-d892b4ee819e	9755eab9-39cb-443b-9cca-853d727afe40	active	2025-08-20 11:30:17.917+05:30	2025-08-20 11:30:17.917+05:30	2026-08-20 11:30:17.917+05:30	\N	2025-08-20 11:30:17.917+05:30	2025-08-20 11:30:17.917+05:30	2024-2025	t
00b4d23d-dbc8-4f7a-9529-0a7226113ff9	8f28c85b-1315-4583-923a-a827f9507a00	f90bd115-48a4-4c90-9ef3-74b5778eb82b	571ebb33-aeb5-4861-87a0-0c442bae3a6b	active	2025-08-26 00:07:15.030006+05:30	\N	\N	\N	2025-08-26 00:07:15.030006+05:30	2025-08-26 00:07:15.030006+05:30	2025-2026	f
cc9e4479-4041-4854-b1a8-94b2fbade733	8f28c85b-1315-4583-923a-a827f9507a00	f0e6549c-bb74-4a24-955d-c9666db048e1	e624fa3f-bb9f-4da6-b569-c6a22904b389	active	2025-08-26 00:07:15.030006+05:30	\N	\N	\N	2025-08-26 00:07:15.030006+05:30	2025-08-26 00:07:15.030006+05:30	2025-2026	f
739ae2e5-1ef8-46e9-a0fb-ec42ec0f47b9	8f28c85b-1315-4583-923a-a827f9507a00	8aee812a-b63e-403c-a7fc-d77e050a9138	70672185-25b9-41b5-bae0-e74ea1a26db9	active	2025-08-26 00:07:15.030006+05:30	\N	\N	\N	2025-08-26 00:07:15.030006+05:30	2025-08-26 00:07:15.030006+05:30	2025-2026	f
528a0248-052d-450e-92c0-9cc135b1b307	8f28c85b-1315-4583-923a-a827f9507a00	a3c8888c-77ae-4b5f-9cd2-cdff1afbe4e3	bca6518e-d6ec-4489-9422-1898f5086ba4	active	2025-08-26 00:07:15.030006+05:30	\N	\N	\N	2025-08-26 00:07:15.030006+05:30	2025-08-26 00:07:15.030006+05:30	2025-2026	f
b00b60f9-5b57-494d-98b2-f59c0d748b59	8f28c85b-1315-4583-923a-a827f9507a00	873c1f32-b4c4-44bd-9b0c-bf36b6da7e5c	b9f1d273-57c1-4ba4-9411-5495254ff797	active	2025-08-26 00:07:15.030006+05:30	\N	\N	\N	2025-08-26 00:07:15.030006+05:30	2025-08-26 00:07:15.030006+05:30	2025-2026	f
ce7a1b5a-8ad1-488d-982e-19f1d702064e	8f28c85b-1315-4583-923a-a827f9507a00	32708d72-6fea-4c91-93d8-49072a1f481a	6e11229a-a444-4e8b-8b56-e8b6536302d5	active	2025-08-26 00:07:15.030006+05:30	\N	\N	\N	2025-08-26 00:07:15.030006+05:30	2025-08-26 00:07:15.030006+05:30	2025-2026	f
f51f7eeb-3c94-48a7-b685-b7c02cfc05c9	8f28c85b-1315-4583-923a-a827f9507a00	3ee58ca5-3647-48cf-b377-be6edd5755f9	19124f5e-a896-4728-bb75-701f616c7716	active	2025-08-26 00:07:15.030006+05:30	\N	\N	\N	2025-08-26 00:07:15.030006+05:30	2025-08-26 00:07:15.030006+05:30	2025-2026	f
7e52fd52-7be7-41db-be8b-d1f4e1c95ae0	8f28c85b-1315-4583-923a-a827f9507a00	b52c4c16-3d76-4a3b-ae5d-407d26cac92f	63fd6cb0-d546-448b-9fdc-5cb407f61d6a	active	2025-08-26 00:07:15.030006+05:30	\N	\N	\N	2025-08-26 00:07:15.030006+05:30	2025-08-26 00:07:15.030006+05:30	2025-2026	f
4e7177c9-c257-4128-b0ad-24f2822f82f9	8f28c85b-1315-4583-923a-a827f9507a00	0d4b2b0e-c286-4c07-9648-c519775a3257	ec962745-fe2f-4079-b859-7d86bf711c20	active	2025-08-26 00:07:15.030006+05:30	\N	\N	\N	2025-08-26 00:07:15.030006+05:30	2025-08-26 00:07:15.030006+05:30	2025-2026	f
b6a934ca-acfa-4e32-977f-1ec63a47fab1	8f28c85b-1315-4583-923a-a827f9507a00	f90bd115-48a4-4c90-9ef3-74b5778eb82b	8694ff1f-1d1e-4a7b-8ecb-eebda2c937d3	active	2025-08-26 00:28:26.122083+05:30	\N	\N	\N	2025-08-26 00:28:26.122083+05:30	2025-08-26 00:28:26.122083+05:30	2024-2025	t
a114fff7-5948-4ec8-ab93-5e4e2abe226e	8f28c85b-1315-4583-923a-a827f9507a00	f0e6549c-bb74-4a24-955d-c9666db048e1	241f4f32-458e-410e-b2f2-6dcfda992455	active	2025-08-26 00:28:26.122083+05:30	\N	\N	\N	2025-08-26 00:28:26.122083+05:30	2025-08-26 00:28:26.122083+05:30	2024-2025	t
9ec672a6-3266-4d89-898d-eb081a66f4bd	8f28c85b-1315-4583-923a-a827f9507a00	8aee812a-b63e-403c-a7fc-d77e050a9138	21a95efa-ccfa-4c4c-af7f-50cfa0a35053	active	2025-08-26 00:28:26.122083+05:30	\N	\N	\N	2025-08-26 00:28:26.122083+05:30	2025-08-26 00:28:26.122083+05:30	2024-2025	t
089142f0-ba95-4c53-b0dc-09d9861c9578	8f28c85b-1315-4583-923a-a827f9507a00	a3c8888c-77ae-4b5f-9cd2-cdff1afbe4e3	17254128-6271-484c-bec9-756ff7f7a043	active	2025-08-26 00:29:14.012676+05:30	\N	\N	\N	2025-08-26 00:29:14.012676+05:30	2025-08-26 00:29:14.012676+05:30	2024-2025	t
19e6ee8f-e218-4c3b-a496-ee2cb497a3b9	8f28c85b-1315-4583-923a-a827f9507a00	32708d72-6fea-4c91-93d8-49072a1f481a	1351d77c-38fe-4dd3-84bd-7d9aff156a82	active	2025-08-26 00:29:14.012676+05:30	\N	\N	\N	2025-08-26 00:29:14.012676+05:30	2025-08-26 00:29:14.012676+05:30	2024-2025	t
09b60f9b-234f-48ce-aa24-ad8fc28e7f54	8f28c85b-1315-4583-923a-a827f9507a00	b52c4c16-3d76-4a3b-ae5d-407d26cac92f	924ede2a-5fd4-4e9d-9a28-95438e5b4898	active	2025-08-26 00:29:14.012676+05:30	\N	\N	\N	2025-08-26 00:29:14.012676+05:30	2025-08-26 00:29:14.012676+05:30	2024-2025	t
\.


--
-- Data for Name: committee_roles; Type: TABLE DATA; Schema: public; Owner: zenithpostgres
--

COPY public.committee_roles (id, committee_id, name, description, hierarchy, permissions, created_at, updated_at, can_create_projects, can_manage_events, can_approve_content, can_manage_members, role_color, role_icon, is_privileged) FROM stdin;
f90bd115-48a4-4c90-9ef3-74b5778eb82b	8f28c85b-1315-4583-923a-a827f9507a00	President	Overall leadership and strategic direction	1	{MANAGE_ALL,APPROVE_EVENTS,MANAGE_MEMBERS,APPROVE_BUDGETS,SYSTEM_ADMIN}	2025-08-13 23:54:14.189+05:30	2025-08-26 01:07:12.987912+05:30	f	f	f	f	#3b82f6	user	t
f0e6549c-bb74-4a24-955d-c9666db048e1	8f28c85b-1315-4583-923a-a827f9507a00	Vice President	Support president and lead special initiatives	2	{MANAGE_EVENTS,MANAGE_MEMBERS,APPROVE_CONTENT,COORDINATE_ACTIVITIES}	2025-08-13 23:54:14.264+05:30	2025-08-26 01:07:12.987912+05:30	f	f	f	f	#3b82f6	user	t
8aee812a-b63e-403c-a7fc-d77e050a9138	8f28c85b-1315-4583-923a-a827f9507a00	Innovation Head	Lead technical initiatives and innovation projects	3	{MANAGE_TECH_EVENTS,APPROVE_PROJECTS,COORDINATE_WORKSHOPS,MANAGE_RESOURCES}	2025-08-13 23:54:14.309+05:30	2025-08-26 01:07:12.987912+05:30	f	f	f	f	#3b82f6	user	t
32708d72-6fea-4c91-93d8-49072a1f481a	8f28c85b-1315-4583-923a-a827f9507a00	Treasurer	Manage finances and budget planning	4	{MANAGE_FINANCES,TRACK_BUDGETS,APPROVE_EXPENSES,MAINTAIN_ACCOUNTS}	2025-08-13 23:54:14.509+05:30	2025-08-26 01:07:12.987912+05:30	f	f	f	f	#3b82f6	user	t
a3c8888c-77ae-4b5f-9cd2-cdff1afbe4e3	8f28c85b-1315-4583-923a-a827f9507a00	Secretary	Maintain records and manage communications	5	{MANAGE_COMMUNICATIONS,MAINTAIN_RECORDS,SCHEDULE_MEETINGS,COORDINATE_LOGISTICS}	2025-08-13 23:54:14.369+05:30	2025-08-26 01:07:12.987912+05:30	f	f	f	f	#3b82f6	user	t
b52c4c16-3d76-4a3b-ae5d-407d26cac92f	8f28c85b-1315-4583-923a-a827f9507a00	Media Head	Lead social media and content creation initiatives	6	{MANAGE_SOCIAL_MEDIA,CREATE_CONTENT,MANAGE_PUBLICITY,COORDINATE_MEDIA}	2025-08-13 23:54:14.469+05:30	2025-08-26 01:07:12.987912+05:30	f	f	f	f	#3b82f6	user	t
873c1f32-b4c4-44bd-9b0c-bf36b6da7e5c	8f28c85b-1315-4583-923a-a827f9507a00	Joint Secretary	Assistant secretary for documentation and communications	8	{ASSIST_COMMUNICATIONS,MAINTAIN_RECORDS,COORDINATE_MEETINGS}	2025-08-26 00:05:51.041175+05:30	2025-08-26 01:07:12.987912+05:30	f	f	f	f	#10b981	file-text	t
3ee58ca5-3647-48cf-b377-be6edd5755f9	8f28c85b-1315-4583-923a-a827f9507a00	Joint Treasurer	Assistant treasurer for financial management	9	{ASSIST_FINANCES,TRACK_EXPENSES,MAINTAIN_RECORDS}	2025-08-26 00:05:51.041175+05:30	2025-08-26 01:07:12.987912+05:30	f	f	f	f	#f59e0b	dollar-sign	t
0d4b2b0e-c286-4c07-9648-c519775a3257	8f28c85b-1315-4583-923a-a827f9507a00	Outreach Head	Lead external relations and partnerships	10	{MANAGE_PARTNERSHIPS,COORDINATE_OUTREACH,MANAGE_PUBLICITY,ORGANIZE_COLLABORATIONS}	2025-08-26 00:05:51.041175+05:30	2025-08-26 01:07:12.987912+05:30	f	f	f	f	#8b5cf6	external-link	t
\.


--
-- Data for Name: committees; Type: TABLE DATA; Schema: public; Owner: zenithpostgres
--

COPY public.committees (id, name, description, hierarchy_level, is_active, created_at, updated_at) FROM stdin;
8f28c85b-1315-4583-923a-a827f9507a00	Zenith Main Committee	The main student committee for Zenith organization	1	t	2025-08-13 23:52:53.549+05:30	2025-08-13 23:52:53.549+05:30
9e2a45e8-88e0-4998-bbc1-1ab68cf9f989	Student Executive Committee	The main student executive committee responsible for overall governance and leadership	1	t	2025-08-20 11:30:17.917+05:30	2025-08-20 11:30:17.917+05:30
\.


--
-- Data for Name: users; Type: TABLE DATA; Schema: public; Owner: zenithpostgres
--

COPY public.users (id, email, password_hash, name, username, avatar, role, club_id, bio, social_links, preferences, created_at, updated_at, profile_image_url, profile_images, verification_photo_url, phone_number, date_of_birth, address, emergency_contact, phone, location, website, github, linkedin, twitter, email_verified, email_verification_token, email_verification_token_expires_at, password_reset_token, password_reset_token_expires_at, oauth_provider, oauth_id, oauth_data, has_password, totp_secret, totp_temp_secret, totp_temp_secret_created_at, totp_enabled, totp_enabled_at, totp_recovery_codes, notification_preferences, email_otp_enabled, email_otp_verified, email_otp_secret, email_otp_backup_codes, email_otp_last_used, email_otp_created_at, email_otp, email_otp_expires_at, last_activity) FROM stdin;
571ebb33-aeb5-4861-87a0-0c442bae3a6b	rahul.sharma2025@example.com	$2b$12$xpFzjPzZbGRcDjDVafxQcOFDwXMsAptqx/Rl0CnEBTMo7p0Jq8otu	Rahul Sharma	\N	\N	student	\N	\N	{}	{}	2025-08-26 00:06:34.686581+05:30	2025-08-26 00:06:34.686581+05:30	https://api.dicebear.com/7.x/avataaars/svg?seed=rahul	[]	\N	\N	\N	\N	{}	\N	\N	\N	\N	\N	\N	f	\N	\N	\N	\N	\N	\N	\N	t	\N	\N	\N	f	\N	\N	{"email": {"events": true, "results": true, "assignments": true, "discussions": true}}	f	f	\N	[]	\N	\N	\N	\N	2025-08-26 00:06:34.686581+05:30
e624fa3f-bb9f-4da6-b569-c6a22904b389	priya.patel2025@example.com	$2b$12$xpFzjPzZbGRcDjDVafxQcOFDwXMsAptqx/Rl0CnEBTMo7p0Jq8otu	Priya Patel	\N	\N	student	\N	\N	{}	{}	2025-08-26 00:06:34.686581+05:30	2025-08-26 00:06:34.686581+05:30	https://api.dicebear.com/7.x/avataaars/svg?seed=priya	[]	\N	\N	\N	\N	{}	\N	\N	\N	\N	\N	\N	f	\N	\N	\N	\N	\N	\N	\N	t	\N	\N	\N	f	\N	\N	{"email": {"events": true, "results": true, "assignments": true, "discussions": true}}	f	f	\N	[]	\N	\N	\N	\N	2025-08-26 00:06:34.686581+05:30
70672185-25b9-41b5-bae0-e74ea1a26db9	vikram.singh2025@example.com	$2b$12$xpFzjPzZbGRcDjDVafxQcOFDwXMsAptqx/Rl0CnEBTMo7p0Jq8otu	Vikram Singh	\N	\N	student	\N	\N	{}	{}	2025-08-26 00:06:34.686581+05:30	2025-08-26 00:06:34.686581+05:30	https://api.dicebear.com/7.x/avataaars/svg?seed=vikram	[]	\N	\N	\N	\N	{}	\N	\N	\N	\N	\N	\N	f	\N	\N	\N	\N	\N	\N	\N	t	\N	\N	\N	f	\N	\N	{"email": {"events": true, "results": true, "assignments": true, "discussions": true}}	f	f	\N	[]	\N	\N	\N	\N	2025-08-26 00:06:34.686581+05:30
bca6518e-d6ec-4489-9422-1898f5086ba4	anita.gupta2025@example.com	$2b$12$xpFzjPzZbGRcDjDVafxQcOFDwXMsAptqx/Rl0CnEBTMo7p0Jq8otu	Anita Gupta	\N	\N	student	\N	\N	{}	{}	2025-08-26 00:06:34.686581+05:30	2025-08-26 00:06:34.686581+05:30	https://api.dicebear.com/7.x/avataaars/svg?seed=anita	[]	\N	\N	\N	\N	{}	\N	\N	\N	\N	\N	\N	f	\N	\N	\N	\N	\N	\N	\N	t	\N	\N	\N	f	\N	\N	{"email": {"events": true, "results": true, "assignments": true, "discussions": true}}	f	f	\N	[]	\N	\N	\N	\N	2025-08-26 00:06:34.686581+05:30
b9f1d273-57c1-4ba4-9411-5495254ff797	karan.mehta2025@example.com	$2b$12$xpFzjPzZbGRcDjDVafxQcOFDwXMsAptqx/Rl0CnEBTMo7p0Jq8otu	Karan Mehta	\N	\N	student	\N	\N	{}	{}	2025-08-26 00:06:34.686581+05:30	2025-08-26 00:06:34.686581+05:30	https://api.dicebear.com/7.x/avataaars/svg?seed=karan	[]	\N	\N	\N	\N	{}	\N	\N	\N	\N	\N	\N	f	\N	\N	\N	\N	\N	\N	\N	t	\N	\N	\N	f	\N	\N	{"email": {"events": true, "results": true, "assignments": true, "discussions": true}}	f	f	\N	[]	\N	\N	\N	\N	2025-08-26 00:06:34.686581+05:30
6e11229a-a444-4e8b-8b56-e8b6536302d5	sneha.agarwal2025@example.com	$2b$12$xpFzjPzZbGRcDjDVafxQcOFDwXMsAptqx/Rl0CnEBTMo7p0Jq8otu	Sneha Agarwal	\N	\N	student	\N	\N	{}	{}	2025-08-26 00:06:34.686581+05:30	2025-08-26 00:06:34.686581+05:30	https://api.dicebear.com/7.x/avataaars/svg?seed=sneha	[]	\N	\N	\N	\N	{}	\N	\N	\N	\N	\N	\N	f	\N	\N	\N	\N	\N	\N	\N	t	\N	\N	\N	f	\N	\N	{"email": {"events": true, "results": true, "assignments": true, "discussions": true}}	f	f	\N	[]	\N	\N	\N	\N	2025-08-26 00:06:34.686581+05:30
19124f5e-a896-4728-bb75-701f616c7716	rohan.kumar2025@example.com	$2b$12$xpFzjPzZbGRcDjDVafxQcOFDwXMsAptqx/Rl0CnEBTMo7p0Jq8otu	Rohan Kumar	\N	\N	student	\N	\N	{}	{}	2025-08-26 00:06:34.686581+05:30	2025-08-26 00:06:34.686581+05:30	https://api.dicebear.com/7.x/avataaars/svg?seed=rohan	[]	\N	\N	\N	\N	{}	\N	\N	\N	\N	\N	\N	f	\N	\N	\N	\N	\N	\N	\N	t	\N	\N	\N	f	\N	\N	{"email": {"events": true, "results": true, "assignments": true, "discussions": true}}	f	f	\N	[]	\N	\N	\N	\N	2025-08-26 00:06:34.686581+05:30
63fd6cb0-d546-448b-9fdc-5cb407f61d6a	kavya.reddy2025@example.com	$2b$12$xpFzjPzZbGRcDjDVafxQcOFDwXMsAptqx/Rl0CnEBTMo7p0Jq8otu	Kavya Reddy	\N	\N	student	\N	\N	{}	{}	2025-08-26 00:06:34.686581+05:30	2025-08-26 00:06:34.686581+05:30	https://api.dicebear.com/7.x/avataaars/svg?seed=kavya	[]	\N	\N	\N	\N	{}	\N	\N	\N	\N	\N	\N	f	\N	\N	\N	\N	\N	\N	\N	t	\N	\N	\N	f	\N	\N	{"email": {"events": true, "results": true, "assignments": true, "discussions": true}}	f	f	\N	[]	\N	\N	\N	\N	2025-08-26 00:06:34.686581+05:30
ec962745-fe2f-4079-b859-7d86bf711c20	arjun.nair2025@example.com	$2b$12$xpFzjPzZbGRcDjDVafxQcOFDwXMsAptqx/Rl0CnEBTMo7p0Jq8otu	Arjun Nair	\N	\N	student	\N	\N	{}	{}	2025-08-26 00:06:34.686581+05:30	2025-08-26 00:06:34.686581+05:30	https://api.dicebear.com/7.x/avataaars/svg?seed=arjun	[]	\N	\N	\N	\N	{}	\N	\N	\N	\N	\N	\N	f	\N	\N	\N	\N	\N	\N	\N	t	\N	\N	\N	f	\N	\N	{"email": {"events": true, "results": true, "assignments": true, "discussions": true}}	f	f	\N	[]	\N	\N	\N	\N	2025-08-26 00:06:34.686581+05:30
1ac23e35-54f9-4e34-8ff3-bfff79885d88	riya.shah2025@example.com	$2b$12$xpFzjPzZbGRcDjDVafxQcOFDwXMsAptqx/Rl0CnEBTMo7p0Jq8otu	Riya Shah	\N	\N	student	\N	\N	{}	{}	2025-08-26 00:06:34.686581+05:30	2025-08-26 00:06:34.686581+05:30	https://api.dicebear.com/7.x/avataaars/svg?seed=riya	[]	\N	\N	\N	\N	{}	\N	\N	\N	\N	\N	\N	f	\N	\N	\N	\N	\N	\N	\N	t	\N	\N	\N	f	\N	\N	{"email": {"events": true, "results": true, "assignments": true, "discussions": true}}	f	f	\N	[]	\N	\N	\N	\N	2025-08-26 00:06:34.686581+05:30
204a06d7-e042-4c19-8e97-b0f2d8ad1271	dev.joshi2025@example.com	$2b$12$xpFzjPzZbGRcDjDVafxQcOFDwXMsAptqx/Rl0CnEBTMo7p0Jq8otu	Dev Joshi	\N	\N	student	\N	\N	{}	{}	2025-08-26 00:06:34.686581+05:30	2025-08-26 00:06:34.686581+05:30	https://api.dicebear.com/7.x/avataaars/svg?seed=dev	[]	\N	\N	\N	\N	{}	\N	\N	\N	\N	\N	\N	f	\N	\N	\N	\N	\N	\N	\N	t	\N	\N	\N	f	\N	\N	{"email": {"events": true, "results": true, "assignments": true, "discussions": true}}	f	f	\N	[]	\N	\N	\N	\N	2025-08-26 00:06:34.686581+05:30
8397062d-0b15-4115-9ee3-3e2f4bef0e36	isha.bansal2025@example.com	$2b$12$xpFzjPzZbGRcDjDVafxQcOFDwXMsAptqx/Rl0CnEBTMo7p0Jq8otu	Isha Bansal	\N	\N	student	\N	\N	{}	{}	2025-08-26 00:06:34.686581+05:30	2025-08-26 00:06:34.686581+05:30	https://api.dicebear.com/7.x/avataaars/svg?seed=isha	[]	\N	\N	\N	\N	{}	\N	\N	\N	\N	\N	\N	f	\N	\N	\N	\N	\N	\N	\N	t	\N	\N	\N	f	\N	\N	{"email": {"events": true, "results": true, "assignments": true, "discussions": true}}	f	f	\N	[]	\N	\N	\N	\N	2025-08-26 00:06:34.686581+05:30
85831284-34d0-4724-90c2-26e6204c1428	nikhil.verma2025@example.com	$2b$12$xpFzjPzZbGRcDjDVafxQcOFDwXMsAptqx/Rl0CnEBTMo7p0Jq8otu	Nikhil Verma	\N	\N	student	\N	\N	{}	{}	2025-08-26 00:06:34.686581+05:30	2025-08-26 00:06:34.686581+05:30	https://api.dicebear.com/7.x/avataaars/svg?seed=nikhil	[]	\N	\N	\N	\N	{}	\N	\N	\N	\N	\N	\N	f	\N	\N	\N	\N	\N	\N	\N	t	\N	\N	\N	f	\N	\N	{"email": {"events": true, "results": true, "assignments": true, "discussions": true}}	f	f	\N	[]	\N	\N	\N	\N	2025-08-26 00:06:34.686581+05:30
086ebbaa-f6dd-4ce4-a836-246833f9573c	aditi.jain2025@example.com	$2b$12$xpFzjPzZbGRcDjDVafxQcOFDwXMsAptqx/Rl0CnEBTMo7p0Jq8otu	Aditi Jain	\N	\N	student	\N	\N	{}	{}	2025-08-26 00:06:34.686581+05:30	2025-08-26 00:06:34.686581+05:30	https://api.dicebear.com/7.x/avataaars/svg?seed=aditi	[]	\N	\N	\N	\N	{}	\N	\N	\N	\N	\N	\N	f	\N	\N	\N	\N	\N	\N	\N	t	\N	\N	\N	f	\N	\N	{"email": {"events": true, "results": true, "assignments": true, "discussions": true}}	f	f	\N	[]	\N	\N	\N	\N	2025-08-26 00:06:34.686581+05:30
9e494d57-59b3-48d0-a140-f131099a0a11	harsh.pandey2025@example.com	$2b$12$xpFzjPzZbGRcDjDVafxQcOFDwXMsAptqx/Rl0CnEBTMo7p0Jq8otu	Harsh Pandey	\N	\N	student	\N	\N	{}	{}	2025-08-26 00:06:34.686581+05:30	2025-08-26 00:06:34.686581+05:30	https://api.dicebear.com/7.x/avataaars/svg?seed=harsh	[]	\N	\N	\N	\N	{}	\N	\N	\N	\N	\N	\N	f	\N	\N	\N	\N	\N	\N	\N	t	\N	\N	\N	f	\N	\N	{"email": {"events": true, "results": true, "assignments": true, "discussions": true}}	f	f	\N	[]	\N	\N	\N	\N	2025-08-26 00:06:34.686581+05:30
1351d77c-38fe-4dd3-84bd-7d9aff156a82	yagneshwar.chaudhari@zenith.edu	$2b$12$xpFzjPzZbGRcDjDVafxQcOFDwXMsAptqx/Rl0CnEBTMo7p0Jq8otu	Yogeshvar Chaudhari	\N	https://qpulpytptbwwumicyzwr.supabase.co/storage/v1/object/public/avatars/profile_7c36ecbe-44d3-40df-8b8b-886e5385e839_1755673151393_Screenshot%202025-08-20%20120444.png	student	\N	\N	{}	{}	2025-08-26 00:28:40.87628+05:30	2025-08-26 00:53:55.138726+05:30	\N	[]	\N	\N	\N	\N	{}	\N	\N	\N	\N	\N	\N	f	\N	\N	\N	\N	\N	\N	\N	t	\N	\N	\N	f	\N	\N	{"email": {"events": true, "results": true, "assignments": true, "discussions": true}}	f	f	\N	[]	\N	\N	\N	\N	2025-08-26 00:28:40.87628+05:30
17254128-6271-484c-bec9-756ff7f7a043	mansavi.giradkar@zenith.edu	$2b$12$xpFzjPzZbGRcDjDVafxQcOFDwXMsAptqx/Rl0CnEBTMo7p0Jq8otu	Mansavi Giradkar	\N	https://qpulpytptbwwumicyzwr.supabase.co/storage/v1/object/public/avatars/profile_53cbed56-2bc7-4faf-bd6e-5f953de4dfa5_1755673094883_Screenshot%202025-08-20%20120312.png	student	\N	\N	{}	{}	2025-08-26 00:28:40.87628+05:30	2025-08-26 00:54:05.491662+05:30	\N	[]	\N	\N	\N	\N	{}	\N	\N	\N	\N	\N	\N	f	\N	\N	\N	\N	\N	\N	\N	t	\N	\N	\N	f	\N	\N	{"email": {"events": true, "results": true, "assignments": true, "discussions": true}}	f	f	\N	[]	\N	\N	\N	\N	2025-08-26 00:28:40.87628+05:30
924ede2a-5fd4-4e9d-9a28-95438e5b4898	kaivalya.pund@zenith.edu	$2b$12$xpFzjPzZbGRcDjDVafxQcOFDwXMsAptqx/Rl0CnEBTMo7p0Jq8otu	Kaiwalya Pund	\N	https://qpulpytptbwwumicyzwr.supabase.co/storage/v1/object/public/avatars/profile_9755eab9-39cb-443b-9cca-853d727afe40_1755672871466_Screenshot%202025-08-20%20120548.png	student	\N	\N	{}	{}	2025-08-26 00:28:40.87628+05:30	2025-08-26 00:54:15.022906+05:30	\N	[]	\N	\N	\N	\N	{}	\N	\N	\N	\N	\N	\N	f	\N	\N	\N	\N	\N	\N	\N	t	\N	\N	\N	f	\N	\N	{"email": {"events": true, "results": true, "assignments": true, "discussions": true}}	f	f	\N	[]	\N	\N	\N	\N	2025-08-26 00:28:40.87628+05:30
8fcc0b11-a2d9-4463-a83c-c1a1370325a6	madhura.shende@zenith.edu	$2b$12$xpFzjPzZbGRcDjDVafxQcOFDwXMsAptqx/Rl0CnEBTMo7p0Jq8otu	Madhura Shende	\N	\N	student	\N	\N	{}	{}	2025-08-26 00:30:57.789111+05:30	2025-08-26 00:30:57.789111+05:30	https://api.dicebear.com/7.x/avataaars/svg?seed=madhura	[]	\N	\N	\N	\N	{}	\N	\N	\N	\N	\N	\N	f	\N	\N	\N	\N	\N	\N	\N	t	\N	\N	\N	f	\N	\N	{"email": {"events": true, "results": true, "assignments": true, "discussions": true}}	f	f	\N	[]	\N	\N	\N	\N	2025-08-26 00:30:57.789111+05:30
550e8400-e29b-41d4-a716-446655440000	admin@zenith.com	$2b$12$xpFzjPzZbGRcDjDVafxQcOFDwXMsAptqx/Rl0CnEBTMo7p0Jq8otu	Admin User	admin	\N	admin	ascend	System administrator with full access	{}	{}	2025-07-27 13:47:32.966+05:30	2025-07-27 13:47:32.966+05:30	\N	[]	\N	\N	\N	\N	{}	\N	\N	\N	\N	\N	\N	f	\N	\N	\N	\N	\N	\N	\N	t	\N	\N	\N	f	\N	\N	{"email": {"events": true, "results": true, "assignments": true, "discussions": true}}	f	f	\N	[]	\N	\N	\N	\N	2025-08-14 00:03:24.83+05:30
550e8400-e29b-41d4-a716-446655440001	superadmin@zenith.com	$2b$12$xpFzjPzZbGRcDjDVafxQcOFDwXMsAptqx/Rl0CnEBTMo7p0Jq8otu	Super Admin	superadmin	\N	admin	\N	Super administrator overseeing all clubs	{}	{}	2025-07-27 13:47:32.966+05:30	2025-07-27 13:47:32.966+05:30	\N	[]	\N	\N	\N	\N	{}	\N	\N	\N	\N	\N	\N	f	\N	\N	\N	\N	\N	\N	\N	t	\N	\N	\N	f	\N	\N	{"email": {"events": true, "results": true, "assignments": true, "discussions": true}}	f	f	\N	[]	\N	\N	\N	\N	2025-08-14 00:03:24.83+05:30
550e8400-e29b-41d4-a716-446655440023	aster.media@zenith.com	$2b$12$xpFzjPzZbGRcDjDVafxQcOFDwXMsAptqx/Rl0CnEBTMo7p0Jq8otu	ASTER Media Head	aster_media	\N	media	aster	Media coordinator for ASTER club	{}	{}	2025-07-27 13:47:32.966+05:30	2025-07-27 13:47:32.966+05:30	\N	[]	\N	\N	\N	\N	{}	\N	\N	\N	\N	\N	\N	f	\N	\N	\N	\N	\N	\N	\N	t	\N	\N	\N	f	\N	\N	{"email": {"events": true, "results": true, "assignments": true, "discussions": true}}	f	f	\N	[]	\N	\N	\N	\N	2025-08-14 00:03:24.83+05:30
550e8400-e29b-41d4-a716-446655440033	achievers.media@zenith.com	$2b$12$xpFzjPzZbGRcDjDVafxQcOFDwXMsAptqx/Rl0CnEBTMo7p0Jq8otu	ACHIEVERS Media Head	achievers_media	\N	media	achievers	Media coordinator for ACHIEVERS club	{}	{}	2025-07-27 13:47:32.966+05:30	2025-07-27 13:47:32.966+05:30	\N	[]	\N	\N	\N	\N	{}	\N	\N	\N	\N	\N	\N	f	\N	\N	\N	\N	\N	\N	\N	t	\N	\N	\N	f	\N	\N	{"email": {"events": true, "results": true, "assignments": true, "discussions": true}}	f	f	\N	[]	\N	\N	\N	\N	2025-08-14 00:03:24.83+05:30
550e8400-e29b-41d4-a716-446655440100	student1.ascend@zenith.com	$2b$12$xpFzjPzZbGRcDjDVafxQcOFDwXMsAptqx/Rl0CnEBTMo7p0Jq8otu	Alice Johnson	alice_j	\N	student	ascend	Computer Science student passionate about coding	{}	{}	2025-07-27 13:47:32.966+05:30	2025-07-27 13:47:32.966+05:30	\N	[]	\N	\N	\N	\N	{}	\N	\N	\N	\N	\N	\N	f	\N	\N	\N	\N	\N	\N	\N	t	\N	\N	\N	f	\N	\N	{"email": {"events": true, "results": true, "assignments": true, "discussions": true}}	f	f	\N	[]	\N	\N	\N	\N	2025-08-14 00:03:24.83+05:30
550e8400-e29b-41d4-a716-446655440101	student2.ascend@zenith.com	$2b$12$xpFzjPzZbGRcDjDVafxQcOFDwXMsAptqx/Rl0CnEBTMo7p0Jq8otu	Bob Smith	bob_s	\N	student	ascend	Software Engineering student interested in web development	{}	{}	2025-07-27 13:47:32.966+05:30	2025-07-27 13:47:32.966+05:30	\N	[]	\N	\N	\N	\N	{}	\N	\N	\N	\N	\N	\N	f	\N	\N	\N	\N	\N	\N	\N	t	\N	\N	\N	f	\N	\N	{"email": {"events": true, "results": true, "assignments": true, "discussions": true}}	f	f	\N	[]	\N	\N	\N	\N	2025-08-14 00:03:24.83+05:30
550e8400-e29b-41d4-a716-446655440102	student3.ascend@zenith.com	$2b$12$xpFzjPzZbGRcDjDVafxQcOFDwXMsAptqx/Rl0CnEBTMo7p0Jq8otu	Charlie Brown	charlie_b	\N	student	ascend	Data Science student exploring machine learning	{}	{}	2025-07-27 13:47:32.966+05:30	2025-07-27 13:47:32.966+05:30	\N	[]	\N	\N	\N	\N	{}	\N	\N	\N	\N	\N	\N	f	\N	\N	\N	\N	\N	\N	\N	t	\N	\N	\N	f	\N	\N	{"email": {"events": true, "results": true, "assignments": true, "discussions": true}}	f	f	\N	[]	\N	\N	\N	\N	2025-08-14 00:03:24.83+05:30
550e8400-e29b-41d4-a716-446655440200	student1.aster@zenith.com	$2b$12$xpFzjPzZbGRcDjDVafxQcOFDwXMsAptqx/Rl0CnEBTMo7p0Jq8otu	Frank Miller	frank_m	\N	student	aster	Communication student focusing on interpersonal skills	{}	{}	2025-07-27 13:47:32.966+05:30	2025-07-27 13:47:32.966+05:30	\N	[]	\N	\N	\N	\N	{}	\N	\N	\N	\N	\N	\N	f	\N	\N	\N	\N	\N	\N	\N	t	\N	\N	\N	f	\N	\N	{"email": {"events": true, "results": true, "assignments": true, "discussions": true}}	f	f	\N	[]	\N	\N	\N	\N	2025-08-14 00:03:24.83+05:30
550e8400-e29b-41d4-a716-446655440201	student2.aster@zenith.com	$2b$12$xpFzjPzZbGRcDjDVafxQcOFDwXMsAptqx/Rl0CnEBTMo7p0Jq8otu	Grace Lee	grace_l	\N	student	aster	Leadership development and team building enthusiast	{}	{}	2025-07-27 13:47:32.966+05:30	2025-07-27 13:47:32.966+05:30	\N	[]	\N	\N	\N	\N	{}	\N	\N	\N	\N	\N	\N	f	\N	\N	\N	\N	\N	\N	\N	t	\N	\N	\N	f	\N	\N	{"email": {"events": true, "results": true, "assignments": true, "discussions": true}}	f	f	\N	[]	\N	\N	\N	\N	2025-08-14 00:03:24.83+05:30
550e8400-e29b-41d4-a716-446655440202	student3.aster@zenith.com	$2b$12$xpFzjPzZbGRcDjDVafxQcOFDwXMsAptqx/Rl0CnEBTMo7p0Jq8otu	Henry Wilson	henry_w	\N	student	aster	Public speaking and presentation skills specialist	{}	{}	2025-07-27 13:47:32.966+05:30	2025-07-27 13:47:32.966+05:30	\N	[]	\N	\N	\N	\N	{}	\N	\N	\N	\N	\N	\N	f	\N	\N	\N	\N	\N	\N	\N	t	\N	\N	\N	f	\N	\N	{"email": {"events": true, "results": true, "assignments": true, "discussions": true}}	f	f	\N	[]	\N	\N	\N	\N	2025-08-14 00:03:24.83+05:30
550e8400-e29b-41d4-a716-446655440300	student1.achievers@zenith.com	$2b$12$xpFzjPzZbGRcDjDVafxQcOFDwXMsAptqx/Rl0CnEBTMo7p0Jq8otu	Karen White	karen_w	\N	student	achievers	Preparing for competitive exams and higher studies	{}	{}	2025-07-27 13:47:32.966+05:30	2025-07-27 13:47:32.966+05:30	\N	[]	\N	\N	\N	\N	{}	\N	\N	\N	\N	\N	\N	f	\N	\N	\N	\N	\N	\N	\N	t	\N	\N	\N	f	\N	\N	{"email": {"events": true, "results": true, "assignments": true, "discussions": true}}	f	f	\N	[]	\N	\N	\N	\N	2025-08-14 00:03:24.83+05:30
550e8400-e29b-41d4-a716-446655440301	student2.achievers@zenith.com	$2b$12$xpFzjPzZbGRcDjDVafxQcOFDwXMsAptqx/Rl0CnEBTMo7p0Jq8otu	Liam Garcia	liam_g	\N	student	achievers	Research and academic excellence focused	{}	{}	2025-07-27 13:47:32.966+05:30	2025-07-27 13:47:32.966+05:30	\N	[]	\N	\N	\N	\N	{}	\N	\N	\N	\N	\N	\N	f	\N	\N	\N	\N	\N	\N	\N	t	\N	\N	\N	f	\N	\N	{"email": {"events": true, "results": true, "assignments": true, "discussions": true}}	f	f	\N	[]	\N	\N	\N	\N	2025-08-14 00:03:24.83+05:30
550e8400-e29b-41d4-a716-446655440302	student3.achievers@zenith.com	$2b$12$xpFzjPzZbGRcDjDVafxQcOFDwXMsAptqx/Rl0CnEBTMo7p0Jq8otu	Maya Patel	maya_p	\N	student	achievers	Graduate school preparation and academic mentorship	{}	{}	2025-07-27 13:47:32.966+05:30	2025-07-27 13:47:32.966+05:30	\N	[]	\N	\N	\N	\N	{}	\N	\N	\N	\N	\N	\N	f	\N	\N	\N	\N	\N	\N	\N	t	\N	\N	\N	f	\N	\N	{"email": {"events": true, "results": true, "assignments": true, "discussions": true}}	f	f	\N	[]	\N	\N	\N	\N	2025-08-14 00:03:24.83+05:30
5a3749b1-618a-4314-b6ab-74d534f568e2	radha.tadas@zenith.edu	$2b$12$xpFzjPzZbGRcDjDVafxQcOFDwXMsAptqx/Rl0CnEBTMo7p0Jq8otu	Radha Tadas	\N	\N	student	\N	\N	{}	{}	2025-08-26 00:30:57.789111+05:30	2025-08-26 00:30:57.789111+05:30	https://api.dicebear.com/7.x/avataaars/svg?seed=radha	[]	\N	\N	\N	\N	{}	\N	\N	\N	\N	\N	\N	f	\N	\N	\N	\N	\N	\N	\N	t	\N	\N	\N	f	\N	\N	{"email": {"events": true, "results": true, "assignments": true, "discussions": true}}	f	f	\N	[]	\N	\N	\N	\N	2025-08-26 00:30:57.789111+05:30
466f3cb4-18bb-485e-827a-e5290cedd969	samiksha.dhawas@zenith.edu	$2b$12$xpFzjPzZbGRcDjDVafxQcOFDwXMsAptqx/Rl0CnEBTMo7p0Jq8otu	Samiksha Dhawas	\N	\N	student	\N	\N	{}	{}	2025-08-26 00:30:57.789111+05:30	2025-08-26 00:30:57.789111+05:30	https://api.dicebear.com/7.x/avataaars/svg?seed=samiksha	[]	\N	\N	\N	\N	{}	\N	\N	\N	\N	\N	\N	f	\N	\N	\N	\N	\N	\N	\N	t	\N	\N	\N	f	\N	\N	{"email": {"events": true, "results": true, "assignments": true, "discussions": true}}	f	f	\N	[]	\N	\N	\N	\N	2025-08-26 00:30:57.789111+05:30
e75ebfdc-b1e8-440c-a987-c77306ab8348	tejasri.rinait@zenith.edu	$2b$12$xpFzjPzZbGRcDjDVafxQcOFDwXMsAptqx/Rl0CnEBTMo7p0Jq8otu	Tejasi Rinait	\N	\N	student	\N	\N	{}	{}	2025-08-26 00:30:57.789111+05:30	2025-08-26 00:40:59.384411+05:30	https://api.dicebear.com/7.x/avataaars/svg?seed=tejasri	[]	\N	\N	\N	\N	{}	\N	\N	\N	\N	\N	\N	f	\N	\N	\N	\N	\N	\N	\N	t	\N	\N	\N	f	\N	\N	{"email": {"events": true, "results": true, "assignments": true, "discussions": true}}	f	f	\N	[]	\N	\N	\N	\N	2025-08-26 00:30:57.789111+05:30
c088cdf3-11ff-408d-b95a-1f50bb794c27	sanjeed.kabarle@zenith.edu	$2b$12$xpFzjPzZbGRcDjDVafxQcOFDwXMsAptqx/Rl0CnEBTMo7p0Jq8otu	Sanved Kabade	\N	\N	student	\N	\N	{}	{}	2025-08-26 00:30:57.789111+05:30	2025-08-26 00:40:59.384411+05:30	https://api.dicebear.com/7.x/avataaars/svg?seed=sanjeed	[]	\N	\N	\N	\N	{}	\N	\N	\N	\N	\N	\N	f	\N	\N	\N	\N	\N	\N	\N	t	\N	\N	\N	f	\N	\N	{"email": {"events": true, "results": true, "assignments": true, "discussions": true}}	f	f	\N	[]	\N	\N	\N	\N	2025-08-26 00:30:57.789111+05:30
febf3dd5-655c-4e18-86a9-2abbf245cb16	vedant.wardhana@zenith.edu	$2b$12$xpFzjPzZbGRcDjDVafxQcOFDwXMsAptqx/Rl0CnEBTMo7p0Jq8otu	Vedanti Wandhare	\N	\N	student	\N	\N	{}	{}	2025-08-26 00:30:57.789111+05:30	2025-08-26 00:40:59.384411+05:30	https://api.dicebear.com/7.x/avataaars/svg?seed=vedant	[]	\N	\N	\N	\N	{}	\N	\N	\N	\N	\N	\N	f	\N	\N	\N	\N	\N	\N	\N	t	\N	\N	\N	f	\N	\N	{"email": {"events": true, "results": true, "assignments": true, "discussions": true}}	f	f	\N	[]	\N	\N	\N	\N	2025-08-26 00:30:57.789111+05:30
8203d590-1c95-472d-a9a6-643d696a04e9	aditya.yethe@zenith.edu	$2b$12$xpFzjPzZbGRcDjDVafxQcOFDwXMsAptqx/Rl0CnEBTMo7p0Jq8otu	Aditya Yelne	\N	\N	student	\N	\N	{}	{}	2025-08-26 00:30:57.789111+05:30	2025-08-26 00:40:59.384411+05:30	https://api.dicebear.com/7.x/avataaars/svg?seed=aditya	[]	\N	\N	\N	\N	{}	\N	\N	\N	\N	\N	\N	f	\N	\N	\N	\N	\N	\N	\N	t	\N	\N	\N	f	\N	\N	{"email": {"events": true, "results": true, "assignments": true, "discussions": true}}	f	f	\N	[]	\N	\N	\N	\N	2025-08-26 00:30:57.789111+05:30
5aaf2cd5-eac6-4303-8c0c-d60e56576dc8	test.api.1754509297076@example.com	$2b$12$SVqXLWt/AmAFGIKaPpQ8A.TaSW6VMd7Et8hrttFvPSXLMd1EaWF1i	Test User 1754509297076	\N	\N	student	ascend	\N	{}	{}	2025-08-07 01:11:38.307+05:30	2025-08-07 01:11:38.307+05:30	\N	[]	\N	\N	\N	\N	{}	\N	\N	\N	\N	\N	\N	f	\N	\N	\N	\N	\N	\N	\N	t	\N	\N	\N	f	\N	\N	{"email": {"events": true, "results": true, "assignments": true, "discussions": true}}	f	f	\N	[]	\N	\N	\N	\N	2025-08-14 00:03:24.83+05:30
550e8400-e29b-41d4-a716-446655440012	ascend.secretary@zenith.com	$2b$12$xpFzjPzZbGRcDjDVafxQcOFDwXMsAptqx/Rl0CnEBTMo7p0Jq8otu	Mohit Telang	ascend_secretary	\N	secretary	ascend	Secretary managing ASCEND documentation	{}	{}	2025-07-27 13:47:32.966+05:30	2025-08-08 22:11:35.038+05:30	\N	[]	\N	\N	\N	\N	{}	\N	\N	\N	\N	\N	\N	f	\N	\N	\N	\N	\N	\N	\N	t	\N	\N	\N	f	\N	\N	{"email": {"events": true, "results": true, "assignments": true, "discussions": true}}	f	f	\N	[]	\N	\N	\N	\N	2025-08-14 00:03:24.83+05:30
550e8400-e29b-41d4-a716-446655440013	ascend.media@zenith.com	$2b$12$xpFzjPzZbGRcDjDVafxQcOFDwXMsAptqx/Rl0CnEBTMo7p0Jq8otu	Aditya Yelne 	ascend_media	\N	media	ascend	Media coordinator for ASCEND club	{}	{}	2025-07-27 13:47:32.966+05:30	2025-08-08 22:11:44.008+05:30	\N	[]	\N	\N	\N	\N	{}	\N	\N	\N	\N	\N	\N	f	\N	\N	\N	\N	\N	\N	\N	t	\N	\N	\N	f	\N	\N	{"email": {"events": true, "results": true, "assignments": true, "discussions": true}}	f	f	\N	[]	\N	\N	\N	\N	2025-08-14 00:03:24.83+05:30
550e8400-e29b-41d4-a716-446655440021	aster.co-coordinator@zenith.com	$2b$12$xpFzjPzZbGRcDjDVafxQcOFDwXMsAptqx/Rl0CnEBTMo7p0Jq8otu	Gargi Udapure 	aster_co_coord	\N	co_coordinator	aster	Co-coordinator supporting ASTER activities	{}	{}	2025-07-27 13:47:32.966+05:30	2025-08-08 22:12:15.856+05:30	\N	[]	\N	\N	\N	\N	{}	\N	\N	\N	\N	\N	\N	f	\N	\N	\N	\N	\N	\N	\N	t	\N	\N	\N	f	\N	\N	{"email": {"events": true, "results": true, "assignments": true, "discussions": true}}	f	f	\N	[]	\N	\N	\N	\N	2025-08-14 00:03:24.83+05:30
550e8400-e29b-41d4-a716-446655440022	aster.secretary@zenith.com	$2b$12$xpFzjPzZbGRcDjDVafxQcOFDwXMsAptqx/Rl0CnEBTMo7p0Jq8otu	Sahil Shrivastava 	aster_secretary	\N	secretary	aster	Secretary managing ASTER documentation	{}	{}	2025-07-27 13:47:32.966+05:30	2025-08-08 22:13:26.458+05:30	\N	[]	\N	\N	\N	\N	{}	\N	\N	\N	\N	\N	\N	f	\N	\N	\N	\N	\N	\N	\N	t	\N	\N	\N	f	\N	\N	{"email": {"events": true, "results": true, "assignments": true, "discussions": true}}	f	f	\N	[]	\N	\N	\N	\N	2025-08-14 00:03:24.83+05:30
550e8400-e29b-41d4-a716-446655440030	achievers.coordinator@zenith.com	$2b$12$xpFzjPzZbGRcDjDVafxQcOFDwXMsAptqx/Rl0CnEBTMo7p0Jq8otu	Paritosh Magare	achievers_coord	\N	coordinator	achievers	Lead coordinator for ACHIEVERS higher studies club	{}	{}	2025-07-27 13:47:32.966+05:30	2025-08-08 22:14:49.879+05:30	\N	[]	\N	\N	\N	\N	{}	\N	\N	\N	\N	\N	\N	f	\N	\N	\N	\N	\N	\N	\N	t	\N	\N	\N	f	\N	\N	{"email": {"events": true, "results": true, "assignments": true, "discussions": true}}	f	f	\N	[]	\N	\N	\N	\N	2025-08-14 00:03:24.83+05:30
550e8400-e29b-41d4-a716-446655440031	achievers.co-coordinator@zenith.com	$2b$12$xpFzjPzZbGRcDjDVafxQcOFDwXMsAptqx/Rl0CnEBTMo7p0Jq8otu	Aayushi Asole	achievers_co_coord	\N	co_coordinator	achievers	Co-coordinator supporting ACHIEVERS activities	{}	{}	2025-07-27 13:47:32.966+05:30	2025-08-08 22:15:09.603+05:30	\N	[]	\N	\N	\N	\N	{}	\N	\N	\N	\N	\N	\N	f	\N	\N	\N	\N	\N	\N	\N	t	\N	\N	\N	f	\N	\N	{"email": {"events": true, "results": true, "assignments": true, "discussions": true}}	f	f	\N	[]	\N	\N	\N	\N	2025-08-14 00:03:24.83+05:30
550e8400-e29b-41d4-a716-446655440032	achievers.secretary@zenith.com	$2b$12$xpFzjPzZbGRcDjDVafxQcOFDwXMsAptqx/Rl0CnEBTMo7p0Jq8otu	Mayur Aglawe 	achievers_secretary	\N	secretary	achievers	Secretary managing ACHIEVERS documentation	{}	{}	2025-07-27 13:47:32.966+05:30	2025-08-08 22:16:19.5+05:30	\N	[]	\N	\N	\N	\N	{}	\N	\N	\N	\N	\N	\N	f	\N	\N	\N	\N	\N	\N	\N	t	\N	\N	\N	f	\N	\N	{"email": {"events": true, "results": true, "assignments": true, "discussions": true}}	f	f	\N	[]	\N	\N	\N	\N	2025-08-14 00:03:24.83+05:30
cc0b35da-a560-416e-9366-00680dead616	test.api.manual@example.com	$2b$12$kTGtfsK6x1YSTPLP8HVX2Og5DyKMmwsQY3SOJ1ckIgBHhaIIrcKr6	Manual Test User	\N	\N	student	ascend	\N	{}	{}	2025-08-07 01:12:15.546+05:30	2025-08-07 01:12:15.546+05:30	\N	[]	\N	\N	\N	\N	{}	\N	\N	\N	\N	\N	\N	f	\N	\N	\N	\N	\N	\N	\N	t	\N	\N	\N	f	\N	\N	{"email": {"events": true, "results": true, "assignments": true, "discussions": true}}	f	f	\N	[]	\N	\N	\N	\N	2025-08-14 00:03:24.83+05:30
1d5b1108-eb4c-4191-ae75-751e3610d519	ayushkshirsagar28@gmail.com	$2b$12$XbcEa4LED/o71VjyMDgIKOuVoOyOqCZG4AMVxVGt4nQZf13Cv3wcy	Ayush Kshirsagar	ayush01	https://qpulpytptbwwumicyzwr.supabase.co/storage/v1/object/public/avatars/profile_1d5b1108-eb4c-4191-ae75-751e3610d519_1755330454927_Gemini_Generated_Image_ypwrszypwrszypwr-removebg-preview.png	student	ascend	tech 	{}	{}	2025-08-07 01:25:30.145+05:30	2025-08-16 13:17:37.088+05:30	\N	[]	\N	\N	\N	\N	{}	7249360170	Nagpur	\N	https://github.com/08Ayush	https://www.linkedin.com/in/ayush-kshirsagar-37766a257/	\N	f	\N	\N	\N	\N	\N	\N	\N	t	\N	\N	\N	f	\N	\N	{"email": {"events": true, "results": true, "assignments": true, "discussions": true}}	f	f	\N	[]	\N	\N	\N	\N	2025-08-14 00:03:24.83+05:30
550e8400-e29b-41d4-a716-446655440011	ascend.co-coordinator@zenith.com	$2b$12$xpFzjPzZbGRcDjDVafxQcOFDwXMsAptqx/Rl0CnEBTMo7p0Jq8otu	Ayush Kshirsagar	ascend_co_coord	https://qpulpytptbwwumicyzwr.supabase.co/storage/v1/object/public/avatars/profile_550e8400-e29b-41d4-a716-446655440011_1755328377221_ayushphoto.jpg	co_coordinator	ascend	Co-coordinator supporting ASCEND activities	{}	{}	2025-07-27 13:47:32.966+05:30	2025-08-16 12:43:06.117+05:30	\N	[]	\N	\N	\N	\N	{}	\N	\N	\N	\N	\N	\N	f	\N	\N	\N	\N	\N	\N	\N	t	\N	\N	\N	f	\N	\N	{"email": {"events": true, "results": true, "assignments": true, "discussions": true}}	f	f	\N	[]	\N	\N	\N	\N	2025-08-14 00:03:24.83+05:30
59c443c7-2e5e-41ec-96bb-0b33ca557948	shubham.kaut@zenith.edu	$2b$12$xpFzjPzZbGRcDjDVafxQcOFDwXMsAptqx/Rl0CnEBTMo7p0Jq8otu	Sharawari Raut	\N	\N	student	\N	\N	{}	{}	2025-08-26 00:30:57.789111+05:30	2025-08-26 00:40:59.384411+05:30	https://api.dicebear.com/7.x/avataaars/svg?seed=shubham	[]	\N	\N	\N	\N	{}	\N	\N	\N	\N	\N	\N	f	\N	\N	\N	\N	\N	\N	\N	t	\N	\N	\N	f	\N	\N	{"email": {"events": true, "results": true, "assignments": true, "discussions": true}}	f	f	\N	[]	\N	\N	\N	\N	2025-08-26 00:30:57.789111+05:30
550e8400-e29b-41d4-a716-446655440010	ascend.coordinator@zenith.com	$2b$12$xpFzjPzZbGRcDjDVafxQcOFDwXMsAptqx/Rl0CnEBTMo7p0Jq8otu	Atharva Bhede	ascend_coord	https://qpulpytptbwwumicyzwr.supabase.co/storage/v1/object/public/avatars/profile_550e8400-e29b-41d4-a716-446655440010_1755680000670_Screenshot%202025-08-20%20141027.png	coordinator	ascend	Lead coordinator for ASCEND coding club	{}	{}	2025-07-27 13:47:32.966+05:30	2025-08-24 15:29:23.810841+05:30	\N	[]	\N	\N	\N	\N	{}	\N	\N	\N	\N	\N	\N	f	\N	\N	\N	\N	\N	\N	\N	t	AYAVENLPN5SQOVK4	\N	\N	t	2025-08-09 04:50:10.737	["620F2163", "8FD17E98", "BD8320DB", "452B43BA", "A2C610DB", "F12116B6", "4FC378F0", "E1DC2D47", "C682A95A", "BB09D2C7"]	{"email": {"events": true, "results": true, "assignments": true, "discussions": true}}	f	f	\N	[]	\N	\N	\N	\N	2025-08-14 00:03:24.83+05:30
516a1eee-d8f9-4283-8cfb-740c0387ca8c	vidhi.morajkar@zenith.edu	$2b$12$xpFzjPzZbGRcDjDVafxQcOFDwXMsAptqx/Rl0CnEBTMo7p0Jq8otu	Vidhi Pravin Menghare	\N	\N	student	\N	\N	{}	{}	2025-08-26 00:30:57.789111+05:30	2025-08-26 00:40:59.384411+05:30	https://api.dicebear.com/7.x/avataaars/svg?seed=vidhi	[]	\N	\N	\N	\N	{}	\N	\N	\N	\N	\N	\N	f	\N	\N	\N	\N	\N	\N	\N	t	\N	\N	\N	f	\N	\N	{"email": {"events": true, "results": true, "assignments": true, "discussions": true}}	f	f	\N	[]	\N	\N	\N	\N	2025-08-26 00:30:57.789111+05:30
550e8400-e29b-41d4-a716-446655440400	student1.artovert@zenith.com	$2b$12$xpFzjPzZbGRcDjDVafxQcOFDwXMsAptqx/Rl0CnEBTMo7p0Jq8otu	Oliver Davis	oliver_d	\N	student	artovert	Holistic development and all-round skill building	{}	{}	2025-07-27 13:47:32.966+05:30	2025-08-25 18:04:57.007481+05:30	\N	[]	\N	\N	\N	\N	{}	\N	\N	\N	\N	\N	\N	f	\N	\N	\N	\N	\N	\N	\N	t	\N	\N	\N	f	\N	\N	{"email": {"events": true, "results": true, "assignments": true, "discussions": true}}	f	f	\N	[]	\N	\N	\N	\N	2025-08-14 00:03:24.83+05:30
21a95efa-ccfa-4c4c-af7f-50cfa0a35053	atharva.naitam@zenith.edu	$2b$12$XbcEa4LED/o71VjyMDgIKOuVoOyOqCZG4AMVxVGt4nQZf13Cv3wcy	Atharva Naitam	\N	https://qpulpytptbwwumicyzwr.supabase.co/storage/v1/object/public/avatars/profile_21a95efa-ccfa-4c4c-af7f-50cfa0a35053_1755672934344_Screenshot%202025-08-20%20120530.png	innovation_head	\N	\N	{}	{}	2025-08-20 11:30:17.917+05:30	2025-08-20 12:25:33.8+05:30	\N	[]	\N	\N	\N	\N	{}	\N	\N	\N	\N	\N	\N	f	\N	\N	\N	\N	\N	\N	\N	t	\N	\N	\N	f	\N	\N	{"email": {"events": true, "results": true, "assignments": true, "discussions": true}}	f	f	\N	[]	\N	\N	\N	\N	2025-08-20 11:30:17.917+05:30
8694ff1f-1d1e-4a7b-8ecb-eebda2c937d3	yash.siddhabhatti@zenith.edu	$2b$12$XbcEa4LED/o71VjyMDgIKOuVoOyOqCZG4AMVxVGt4nQZf13Cv3wcy	Yash Siddhabhatti	\N	https://qpulpytptbwwumicyzwr.supabase.co/storage/v1/object/public/avatars/profile_8694ff1f-1d1e-4a7b-8ecb-eebda2c937d3_1755672985159_yashprofle.png	president	\N	\N	{}	{}	2025-08-20 11:30:17.917+05:30	2025-08-20 12:26:24.623+05:30	\N	[]	\N	\N	\N	\N	{}	\N	\N	\N	\N	\N	\N	f	\N	\N	\N	\N	\N	\N	\N	t	\N	\N	\N	f	\N	\N	{"email": {"events": true, "results": true, "assignments": true, "discussions": true}}	f	f	\N	[]	\N	\N	\N	\N	2025-08-20 11:30:17.917+05:30
241f4f32-458e-410e-b2f2-6dcfda992455	sarthak.thote@zenith.edu	$2b$12$XbcEa4LED/o71VjyMDgIKOuVoOyOqCZG4AMVxVGt4nQZf13Cv3wcy	Sarthak Thote	\N	https://qpulpytptbwwumicyzwr.supabase.co/storage/v1/object/public/avatars/profile_241f4f32-458e-410e-b2f2-6dcfda992455_1755673025315_screen1.png	vice_president	\N	\N	{}	{}	2025-08-20 11:30:17.917+05:30	2025-08-20 12:27:05.659+05:30	\N	[]	\N	\N	\N	\N	{}	\N	\N	\N	\N	\N	\N	f	\N	\N	\N	\N	\N	\N	\N	t	\N	\N	\N	f	\N	\N	{"email": {"events": true, "results": true, "assignments": true, "discussions": true}}	f	f	\N	[]	\N	\N	\N	\N	2025-08-20 11:30:17.917+05:30
53cbed56-2bc7-4faf-bd6e-5f953de4dfa5	manasvi.giradkar@zenith.edu	$2b$12$XbcEa4LED/o71VjyMDgIKOuVoOyOqCZG4AMVxVGt4nQZf13Cv3wcy	Manasvi Giradkar	\N	https://qpulpytptbwwumicyzwr.supabase.co/storage/v1/object/public/avatars/profile_53cbed56-2bc7-4faf-bd6e-5f953de4dfa5_1755673094883_Screenshot%202025-08-20%20120312.png	zenith_secretary	\N	\N	{}	{}	2025-08-20 11:30:17.917+05:30	2025-08-20 13:26:41.332+05:30	\N	[]	\N	\N	\N	\N	{}	\N	\N	\N	\N	\N	\N	f	\N	\N	\N	\N	\N	\N	\N	t	\N	\N	\N	f	\N	\N	{"email": {"events": true, "results": true, "assignments": true, "discussions": true}}	f	f	\N	[]	\N	\N	\N	\N	2025-08-20 11:30:17.917+05:30
958a4c5d-8308-42e2-8136-2d0e7c0123d9	atharvanaitam.22@stvincentngp.edu.in	$2b$12$FoeP2lz4pgyjQOO1VmOTgOqcf9DEle7K0qBY6uYcYOPU3MDAkIUMW	Atharva Naitam	\N	https://lh3.googleusercontent.com/a/ACg8ocKW2xZkVfJLA-lJ62zQbKhT8ch7RSNNsyZ4ulhuQdVScZDxKQ=s96-c	student	\N	\N	{}	{}	2025-08-26 14:37:11.52939+05:30	2025-08-26 16:58:18.071067+05:30	\N	[]	\N	\N	\N	\N	{}	\N	\N	\N	\N	\N	\N	t	\N	\N	\N	\N	github	198315293	{"type": "oauth", "scope": "read:user,user:email", "provider": "github", "token_type": "bearer", "access_token": "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", "providerAccountId": "198315293"}	f	\N	\N	\N	f	\N	\N	{"email": {"events": true, "results": true, "assignments": true, "discussions": true}}	f	f	\N	[]	\N	\N	\N	\N	2025-08-26 14:37:11.52939+05:30
a758760c-468e-4185-b84c-374ec2168a4a	uday.bhoyar@example.com	$2b$12$xpFzjPzZbGRcDjDVafxQcOFDwXMsAptqx/Rl0CnEBTMo7p0Jq8otu	Uday Bhoyar	\N	\N	student	\N	\N	{}	{}	2025-08-26 00:42:07.684881+05:30	2025-08-26 00:42:07.684881+05:30	https://api.dicebear.com/7.x/avataaars/svg?seed=uday	[]	\N	\N	\N	\N	{}	\N	\N	\N	\N	\N	\N	f	\N	\N	\N	\N	\N	\N	\N	t	\N	\N	\N	f	\N	\N	{"email": {"events": true, "results": true, "assignments": true, "discussions": true}}	f	f	\N	[]	\N	\N	\N	\N	2025-08-26 00:42:07.684881+05:30
550e8400-e29b-41d4-a716-446655440020	aster.coordinator@zenith.com	$2b$12$xpFzjPzZbGRcDjDVafxQcOFDwXMsAptqx/Rl0CnEBTMo7p0Jq8otu	Radhika Salodkar	\N	\N	coordinator	aster	Lead coordinator for ASTER soft skills club	{}	{}	2025-07-27 13:47:32.966+05:30	2025-08-24 15:29:54.785166+05:30	/uploads/profiles/avatars/Screenshot from 2025-08-24 13-48-12_1756024176742_333e05fb871c9932.png	[]	\N	\N	\N	\N	{}	\N	\N	\N	\N	\N	\N	f	\N	\N	\N	\N	\N	\N	\N	t	PE4ECHCYOMZSUGTR	LBKWOCKQIF3BSTCU	2025-08-16 08:27:25.065	f	\N	["F757E466", "3EE85BF7", "43A22EEB", "D7478D0E", "6EA60825", "A10652FA", "C086BBAE", "6799C08A", "CC3C4FA8", "946F6CCB"]	{"email": {"events": true, "results": true, "assignments": true, "discussions": true}}	f	f	\N	[]	\N	\N	\N	\N	2025-08-14 00:03:24.83+05:30
8eb864a5-a99b-4d3b-94f9-4619ed66c5e3	shreya.borde@example.com	$2b$12$xpFzjPzZbGRcDjDVafxQcOFDwXMsAptqx/Rl0CnEBTMo7p0Jq8otu	Shreya Borde	\N	\N	student	\N	\N	{}	{}	2025-08-26 00:42:07.684881+05:30	2025-08-26 00:42:07.684881+05:30	https://api.dicebear.com/7.x/avataaars/svg?seed=shreya	[]	\N	\N	\N	\N	{}	\N	\N	\N	\N	\N	\N	f	\N	\N	\N	\N	\N	\N	\N	t	\N	\N	\N	f	\N	\N	{"email": {"events": true, "results": true, "assignments": true, "discussions": true}}	f	f	\N	[]	\N	\N	\N	\N	2025-08-26 00:42:07.684881+05:30
7c36ecbe-44d3-40df-8b8b-886e5385e839	yogeshvar.chaudhari@zenith.edu	$2b$12$XbcEa4LED/o71VjyMDgIKOuVoOyOqCZG4AMVxVGt4nQZf13Cv3wcy	Yogeshvar Chaudhari	\N	https://qpulpytptbwwumicyzwr.supabase.co/storage/v1/object/public/avatars/profile_7c36ecbe-44d3-40df-8b8b-886e5385e839_1755673151393_Screenshot%202025-08-20%20120444.png	treasurer	\N	\N	{}	{}	2025-08-20 11:30:17.917+05:30	2025-08-26 00:53:55.138726+05:30	\N	[]	\N	\N	\N	\N	{}	\N	\N	\N	\N	\N	\N	f	\N	\N	\N	\N	\N	\N	\N	t	\N	\N	\N	f	\N	\N	{"email": {"events": true, "results": true, "assignments": true, "discussions": true}}	f	f	\N	[]	\N	\N	\N	\N	2025-08-20 11:30:17.917+05:30
9755eab9-39cb-443b-9cca-853d727afe40	kaiwalya.pund@zenith.edu	$2b$12$XbcEa4LED/o71VjyMDgIKOuVoOyOqCZG4AMVxVGt4nQZf13Cv3wcy	Kaiwalya Pund	\N	https://qpulpytptbwwumicyzwr.supabase.co/storage/v1/object/public/avatars/profile_9755eab9-39cb-443b-9cca-853d727afe40_1755672871466_Screenshot%202025-08-20%20120548.png	media	\N	\N	{}	{}	2025-08-20 11:30:17.917+05:30	2025-08-26 00:54:15.022906+05:30	\N	[]	\N	\N	\N	\N	{}	\N	\N	\N	\N	\N	\N	f	\N	\N	\N	\N	\N	\N	\N	t	\N	\N	\N	f	\N	\N	{"email": {"events": true, "results": true, "assignments": true, "discussions": true}}	f	f	\N	[]	\N	\N	\N	\N	2025-08-20 11:30:17.917+05:30
550e8400-e29b-41d4-a716-446655440401	student2.artovert@zenith.com	$2b$12$xpFzjPzZbGRcDjDVafxQcOFDwXMsAptqx/Rl0CnEBTMo7p0Jq8otu	Sophie Chen	sophie_c	\N	student	artovert	Balanced development across technical and soft skills	{}	{}	2025-07-27 13:47:32.966+05:30	2025-08-25 18:04:57.007481+05:30	\N	[]	\N	\N	\N	\N	{}	\N	\N	\N	\N	\N	\N	f	\N	\N	\N	\N	\N	\N	\N	t	\N	\N	\N	f	\N	\N	{"email": {"events": true, "results": true, "assignments": true, "discussions": true}}	f	f	\N	[]	\N	\N	\N	\N	2025-08-14 00:03:24.83+05:30
550e8400-e29b-41d4-a716-446655440402	student3.artovert@zenith.com	$2b$12$xpFzjPzZbGRcDjDVafxQcOFDwXMsAptqx/Rl0CnEBTMo7p0Jq8otu	David Park	david_p	\N	student	artovert	Complete personality development enthusiast	{}	{}	2025-07-27 13:47:32.966+05:30	2025-08-25 18:04:57.007481+05:30	\N	[]	\N	\N	\N	\N	{}	\N	\N	\N	\N	\N	\N	f	\N	\N	\N	\N	\N	\N	\N	t	\N	\N	\N	f	\N	\N	{"email": {"events": true, "results": true, "assignments": true, "discussions": true}}	f	f	\N	[]	\N	\N	\N	\N	2025-08-14 00:03:24.83+05:30
550e8400-e29b-41d4-a716-446655440040	artovert.coordinator@zenith.com	$2b$12$xpFzjPzZbGRcDjDVafxQcOFDwXMsAptqx/Rl0CnEBTMo7p0Jq8otu	ARTOVERT Coordinator	artovert_coord	\N	coordinator	artovert	Lead coordinator for ARTOVERT development club	{}	{}	2025-07-27 13:47:32.966+05:30	2025-08-25 18:04:57.007481+05:30	\N	[]	\N	\N	\N	\N	{}	\N	\N	\N	\N	\N	\N	f	\N	\N	\N	\N	\N	\N	\N	t	\N	\N	\N	f	\N	\N	{"email": {"events": true, "results": true, "assignments": true, "discussions": true}}	f	f	\N	[]	\N	\N	\N	\N	2025-08-14 00:03:24.83+05:30
550e8400-e29b-41d4-a716-446655440041	artovert.co-coordinator@zenith.com	$2b$12$xpFzjPzZbGRcDjDVafxQcOFDwXMsAptqx/Rl0CnEBTMo7p0Jq8otu	ARTOVERT Co-Coordinator	artovert_co_coord	\N	co_coordinator	artovert	Co-coordinator supporting ARTOVERT activities	{}	{}	2025-07-27 13:47:32.966+05:30	2025-08-25 18:04:57.007481+05:30	\N	[]	\N	\N	\N	\N	{}	\N	\N	\N	\N	\N	\N	f	\N	\N	\N	\N	\N	\N	\N	t	\N	\N	\N	f	\N	\N	{"email": {"events": true, "results": true, "assignments": true, "discussions": true}}	f	f	\N	[]	\N	\N	\N	\N	2025-08-14 00:03:24.83+05:30
550e8400-e29b-41d4-a716-446655440042	artovert.secretary@zenith.com	$2b$12$xpFzjPzZbGRcDjDVafxQcOFDwXMsAptqx/Rl0CnEBTMo7p0Jq8otu	ARTOVERT Secretary	artovert_secretary	\N	secretary	artovert	Secretary managing ARTOVERT documentation	{}	{}	2025-07-27 13:47:32.966+05:30	2025-08-25 18:04:57.007481+05:30	\N	[]	\N	\N	\N	\N	{}	\N	\N	\N	\N	\N	\N	f	\N	\N	\N	\N	\N	\N	\N	t	\N	\N	\N	f	\N	\N	{"email": {"events": true, "results": true, "assignments": true, "discussions": true}}	f	f	\N	[]	\N	\N	\N	\N	2025-08-14 00:03:24.83+05:30
550e8400-e29b-41d4-a716-446655440043	artovert.media@zenith.com	$2b$12$xpFzjPzZbGRcDjDVafxQcOFDwXMsAptqx/Rl0CnEBTMo7p0Jq8otu	ARTOVERT Media Head	artovert_media	\N	media	artovert	Media coordinator for ARTOVERT club	{}	{}	2025-07-27 13:47:32.966+05:30	2025-08-25 18:04:57.007481+05:30	\N	[]	\N	\N	\N	\N	{}	\N	\N	\N	\N	\N	\N	f	\N	\N	\N	\N	\N	\N	\N	t	\N	\N	\N	f	\N	\N	{"email": {"events": true, "results": true, "assignments": true, "discussions": true}}	f	f	\N	[]	\N	\N	\N	\N	2025-08-14 00:03:24.83+05:30
\.


--
-- PostgreSQL database dump complete
--

